Bill ID,State,Legislative Session,Bill Number,Bill Title,Bill,Database URL,Date of Intro,Chamber of Origin,Sponsors,List of Status
ocd-bill/cf029bd8-8b7c-48cb-a815-c99a73be59d2,CO,2022 Regular Session,HB 22-1151,Turf Replacement Program, ,https://openstates.org/co/bills/2022A/HB22-1151,2022-02-05 18:13:06.939190+00:00,House,"Marc Catlin, Dylan Roberts, Jeff Bridges, Cleave Simpson","Introduced In House - Assigned to Agriculture, Livestock, & Water"
ocd-bill/d50f55d9-5873-4373-979c-48b907efbc2f,USA,117th Congress,HR 6367,Guaranteeing Ukrainian Autonomy by Reinforcing its Defense (GUARD) Act of 2022, ,https://openstates.org/us/bills/117/HR6367,2022-01-12 13:30:43.255683+00:00,House,"Mike Rogers, Michael Turner, Elise Stefanik, Brian Fitzpatrick, Adam Kinzinger, Claudia Tenney, Robert Wittman, Michael Waltz, Ann Wagner, Steve Chabot, Joe Wilson, Daniel Meuser, Steven Palazzo, Doug Lamborn, Steve Womack, Young Kim, Don Bacon, Richard Hudson, Tim Walberg, Peter Meijer, Garland Barr, Mariannette Miller-Meeks, Chris Jacobs, Steve Scalise, Jodey Arrington, Guy Reschenthaler, Scott Fitzgerald, Debbie Lesko, Stephanie Bice, Tom Emmer, Gus Bilirakis, John Moolenaar, Rick Allen, Michael Guest, Mike Carey, Jackie Walorski, John Rutherford, Michael McCaul","Referred to the Committee on Foreign Affairs, and in addition to the Committees on the Judiciary, Armed Services, and Rules, for a period to be subsequently determined by the Speaker, in each case for consideration of such provisions as fall within the jurisdiction of the committee concerned., Introduced in House"
ocd-bill/603a98a7-ba9b-4c0e-a51e-0396334d14a6,USA,117th Congress,HR 4235,Living Shorelines Act, ,https://openstates.org/us/bills/117/HR4235,2021-06-30 15:29:53.241678+00:00,House,James Himes,"Referred to the Subcommittee on Environment., Referred to the Committee on Natural Resources, and in addition to the Committee on Science, Space, and Technology, for a period to be subsequently determined by the Speaker, in each case for consideration of such provisions as fall within the jurisdiction of the committee concerned., Introduced in House"
ocd-bill/21eae12c-eeff-43a5-9ecc-b441f969da31,USA,117th Congress,HR 2670,The Civilian Climate Corps for Jobs and Justice Act, ,https://openstates.org/us/bills/117/HR2670,2021-04-22 20:14:52.069534+00:00,House,"Grace Meng, Jamaal Bowman, Mondaire Jones, Eleanor Norton, Ayanna Pressley, Mark Pocan, Carolyn Maloney, Pramila Jayapal, Earl Blumenauer, Ilhan Omar, Bonnie Watson Coleman, Gerald Connolly, Frederica Wilson, John Larson, Cori Bush, Janice Schakowsky, Mark DeSaulnier, Brad Sherman, Rashida Tlaib, Andy Levin, Adriano Espaillat, Grace Napolitano, Marie Newman, Paul Tonko, Jimmy Gomez, Ro Khanna, Jamie Raskin, Ritchie Torres, Alexandria Ocasio-Cortez","Referred to the Committee on Education and Labor, and in addition to the Committee on Ways and Means, for a period to be subsequently determined by the Speaker, in each case for consideration of such provisions as fall within the jurisdiction of the committee concerned., Introduced in House"
ocd-bill/d62fb73d-5b1a-467f-8a5c-b1e29ca9d03a,USA,117th Congress,HR 3593,Department of Energy Science for the Future Act,https://www.congress.gov/117/crpt/hrpt72/CRPT-117hrpt72.pdf,https://openstates.org/us/bills/117/HR3593,2021-05-29 15:03:18.242443+00:00,House,"Frank Lucas, Jamaal Bowman, Jerry McNerney, Stephanie Bice, Deborah Ross, Michael Waltz, Ed Perlmutter, Peter Meijer, James Baird, Joseph Morelle, Carlos Gimenez, Gwen Moore, Jay Obernolte, Suzanne Bonamici, Brian Babin, Charlie Crist, Anthony Gonzalez, Raúl Grijalva, Young Kim, Bill Foster, Randy Feenstra, Michael San Nicolas, Teresa Leger Fernandez, Jacob LaTurner, Donald Norcross, Daniel Kildee, Susan Wild, Haley Stevens, Zoe Lofgren, Brad Sherman, Mikie Sherrill, Ami Bera, Lizzie Fletcher, Paul Tonko, Conor Lamb, Eddie Johnson","Received in the Senate and Read twice and referred to the Committee on Energy and Natural Resources., Motion to reconsider laid on the table Agreed to without objection., On motion to suspend the rules and pass the bill, as amended Agreed to by the Yeas and Nays: (2/3 required): 351 - 68 (Roll no. 187). (text: CR H3206-3218), Passed/agreed to in House: On motion to suspend the rules and pass the bill, as amended Agreed to by the Yeas and Nays: (2/3 required): 351 - 68 (Roll no. 187).(text: CR H3206-3218), Considered as unfinished business. (consideration: CR H3223-3224), At the conclusion of debate, the Yeas and Nays were demanded and ordered. Pursuant to the provisions of clause 8, rule XX, the Chair announced that further proceedings on the motion would be postponed., DEBATE - The House proceeded with forty minutes of debate on H.R. 3593., Considered under suspension of the rules. (consideration: CR H3206-3220), Ms. Johnson (TX) moved to suspend the rules and pass the bill, as amended., Placed on the Union Calendar, Calendar No. 50., Reported (Amended) by the Committee on Science, Space, and Technology. H. Rept. 117-72., Ordered to be Reported (Amended) by Voice Vote., Committee Consideration and Mark-up Session Held., Referred to the House Committee on Science, Space, and Technology., Introduced in House"
ocd-bill/e9a87170-04a7-45be-a18e-000fe43a6ff5,MA,192nd Legislature (2021-2022),S 311,An Act implementing an elementary and secondary interdisciplinary climate education curriculum in the Commonwealth, ,https://openstates.org/ma/bills/192nd/S311,2021-04-15 13:07:37.848785+00:00,Senate,"Julian Cyr,  , John Cronin","Referred to the committee on Education, House concurred, Hearing scheduled for 09/13/2021 from 11:00 AM-05:00 PM in Virtual Hearing, Reporting date extended to Tuesday March 1, 2022, pending concurrence"
ocd-bill/b83c4ce8-0f72-4465-bf08-5d131a085fd0,CA,2021-2022 Regular Session,SB 917,Seamless Transit Transformation Act., ,https://openstates.org/ca/bills/20212022/SB917,2022-02-04 12:12:37.182344+00:00,Senate,"Josh Becker, Bill Quirk, Bill Dodd, Scott Wiener, Alex Lee, Marc Levine, Kevin Mullin, Philip Ting","Introduced. Read first time. To Com. on RLS. for assignment. To print., From printer. May be acted upon on or after March 6."
ocd-bill/0fc5a253-2f11-45a1-be66-f24cc64f393b,CA,2021-2022 Regular Session,AB 1781,Safe transportation of dogs and cats., ,https://openstates.org/ca/bills/20212022/AB1781,2022-02-04 12:13:15.830972+00:00,Assembly,Blanca Rubio,"Read first time. To print., From printer. May be heard in committee March 6."
ocd-bill/399048a7-f123-4807-b516-b7aa25deccb5,CA,2021-2022 Regular Session,SB 115,Budget Act of 2021.,https://leginfo.legislature.ca.gov/faces/billAnalysisClient.xhtml?bill_id=202120220SB115&analysisId=334519&analyzingOffice=Sen.+Floor+Analyses,https://openstates.org/ca/bills/20212022/SB115,2021-01-09 12:01:51.386294+00:00,Senate,Nancy Skinner,"Introduced. To Com. on RLS. for assignment. To print., From printer. May be acted upon on or after February 10., Read first time., Referred to Com. on B. & F.R., Withdrawn from committee. (Ayes 26. Noes 5. Page 201.), Ordered to second reading., Read second time. Ordered to third reading., Read third time. Passed. (Ayes 29. Noes 8. Page 273.) Ordered to the Assembly., In Assembly. Read first time. Held at Desk., Referred to Com. on BUDGET., (Corrected May 14)., From committee with author's amendments. Read second time and amended. Re-referred to Com. on BUDGET., Assembly Rule 96 suspended. (Ayes 47. Noes 22.), Withdrawn from committee., Ordered to third reading."
ocd-bill/89fd988a-2293-47af-b557-3a35f8665101,CA,2021-2022 Regular Session,ACR 109,Extreme heat: state response.,https://leginfo.legislature.ca.gov/faces/billAnalysisClient.xhtml?bill_id=202120220ACR109&analysisId=344628&analyzingOffice=Assembly+Natural+Resources,https://openstates.org/ca/bills/20212022/ACR109,2021-08-31 12:11:20.579405+00:00,Assembly,"Eduardo Garcia, Cristina Garcia, Ash Kalra, Luz Rivas, Rudy Salas","Introduced. To print., From printer., Referred to Com. on NAT. RES., From committee chair, with author's amendments: Amend, and re-refer to Com. on NAT. RES. Read second time and amended., Re-referred to Com. on NAT. RES., From committee: Amend, and be adopted as amended, and re-refer to Com. on APPR. (Ayes 11. Noes 0.) (January 10)., Amended., Re-referred to Com. on APPR., Withdrawn from committee., Ordered to Consent Calendar., Adopted and to Senate. (Ayes 68. Noes 0.), In Senate. To Com. on RLS., Referred to Com. on NAT. RES."
ocd-bill/a6027839-a95a-4869-bbe5-ef5e4796a651,CA,2021-2022 Regular Session,AB 1789,Outdoor recreation: California Trails Commission: Trails Corps Program: grant program., ,https://openstates.org/ca/bills/20212022/AB1789,2022-02-04 12:13:28.419341+00:00,Assembly,Steve Bennett,"Read first time. To print., From printer. May be heard in committee March 6."
ocd-bill/31cc7264-6bda-42b5-8ed9-944c8dfdbbd5,CA,2021-2022 Regular Session,SB 922,California Environmental Quality Act: exemptions: transportation-related projects., ,https://openstates.org/ca/bills/20212022/SB922,2022-02-04 12:12:08.998599+00:00,Senate,Scott Wiener,"Introduced. Read first time. To Com. on RLS. for assignment. To print., From printer. May be acted upon on or after March 6."
ocd-bill/21c5193d-ef11-4c6e-8834-2fb96673dd9c,WA,2021-2022 Regular Session,HB 1682,"Concerning a compliance pathway specific to emissions-intensive, trade-exposed businesses for achieving their proportionate share of the state's emissions reduction limits through 2050.","http://lawfilesext.leg.wa.gov/Biennium/2021-22/Htm/Bill%20Reports/House/1682%20HBA%20ENVI%2022.htm, http://lawfilesext.leg.wa.gov/Biennium/2021-22/Htm/Bill%20Reports/House/1682%20HBR%20ENVI%2022.htm",https://openstates.org/wa/bills/2021-2022/HB1682,2021-12-22 08:23:04.418229+00:00,House,"Joe Fitzgibbon, Alex Ramel, Davina Duerr, Liz Berry, Nicole Macri, Timm Ormsby, David Hackney","Prefiled for introduction., First reading, referred to Environment & Energy., Public hearing in the House Committee on Environment & Energy at 8:00 AM., Executive action taken in the House Committee on Environment & Energy at 8:00 AM., ENVI - Majority; 1st substitute bill be substituted, do pass., Minority; do not pass., Referred to Appropriations., Scheduled for public hearing in the House Committee on Environment & Energy at 08:00 AM, Scheduled for public hearing in the House Committee on Environment & Energy at 08:00 AM"
ocd-bill/2b5c0cc4-1635-4762-b076-83f1a32498e1,WA,2021-2022 Regular Session,SB 5872,Recognizing that power plants that comply with the state greenhouse gas emissions performance standard are consistent with Washington's long-term policy for electricity., ,https://openstates.org/wa/bills/2021-2022/SB5872,2022-01-14 21:17:26.600436+00:00,Senate,"Sharon Brown, Shelly Short, Keith Wagoner","First reading, referred to Environment, Energy & Technology."
ocd-bill/a5ad445a-d20b-4c63-bfaa-cfa943e2bea4,VA,2022 Regular Session,HB 892,Regional Greenhouse Gas Initiative (RGGI); preexisting contracts.,https://lis.virginia.gov/cgi-bin/legp604.exe?221+oth+HB892F122+PDF,https://openstates.org/va/bills/2022/HB892,2022-01-21 19:26:38.932949+00:00,House,Terry G. Kilgore,"Prefiled and ordered printed; offered 01/12/22 22101448D, Referred to Committee on Commerce and Energy, Impact statement from DPB (HB892), Reported from Commerce and Energy (12-Y 10-N)"
ocd-bill/b89ca146-b7dd-4e28-973e-4056be358d2a,VA,2022 Regular Session,HB 969,Comprehensive plan; adoption of an environmental justice strategy., ,https://openstates.org/va/bills/2022/HB969,2022-01-21 19:27:14.768755+00:00,House,Shelly A. Simonds,"Prefiled and ordered printed; offered 01/12/22 22102311D, Referred to Committee on Counties, Cities and Towns, Assigned CC & T sub: Subcommittee #2, Stricken from docket by Counties, Cities and Towns (22-Y 0-N)"
ocd-bill/603ab444-799f-4211-a101-ed1735aecd34,HI,2022 Regular Session,SB 2731,RELATING TO THE BERNICE PAUAHI BISHOP MUSEUM.,https://capitol.hawaii.gov/Session2022/Testimony/SB2731_TESTIMONY_LCA_02-04-22_.PDF,https://openstates.org/hi/bills/2022 Regular Session/SB2731,2022-01-22 13:15:46.449672+00:00,Senate,Brian T. Taniguchi,"Introduced., Passed First Reading., Referred to LCA, WAM., The committee(s) on LCA has scheduled a public hearing on 02-04-22 3:00PM; Conference Room 225 & Videoconference., The committee(s) on  LCA recommend(s) that the measure be PASSED, WITH AMENDMENTS.  The votes in LCA were as follows: 5 Aye(s): Senator(s) Taniguchi, Ihara, Chang, Keohokalole, Fevella; Aye(s) with reservations: none ; 0 No(es): none; and 0 Excused: none."
ocd-bill/58ad2ca3-5f4a-4d1e-93dc-de2df984b3a2,HI,2022 Regular Session,SB 264,RELATING TO CLIMATE CHANGE., ,https://openstates.org/hi/bills/2022 Regular Session/SB264,2021-12-29 00:48:10.105749+00:00,Senate,Donovan M. Dela Cruz,"Introduced., Passed First Reading., Referred to AEN, WAM., Carried over to 2022 Regular Session., The committee(s) on AEN has scheduled a public hearing on 02-09-22 1:00PM; Conference Room 224 & Videoconference."
ocd-bill/c137b80b-51dc-4f97-8239-8fbf7ed765ed,HI,2022 Regular Session,SB 2862,RELATING TO EDUCATION.,https://capitol.hawaii.gov/Session2022/Testimony/SB2862_TESTIMONY_EDU_02-04-22_.PDF,https://openstates.org/hi/bills/2022 Regular Session/SB2862,2022-01-22 13:16:17.217106+00:00,Senate,"Maile S.L. Shimabukuro, Mike Gabbard, Bennette E. Misalucha, Dru Mamo Kanuha, Gilbert S.C. Keith-Agaran, Gil Riviere, Glenn Wakai","Introduced., Passed First Reading., Referred to EDU, WAM., The committee(s) on EDU has scheduled a public hearing on 02-04-22 3:00PM; Conference Room 229 + videoconference., The committee(s) on  EDU recommend(s) that the measure be PASSED, WITH AMENDMENTS.  The votes in EDU were as follows: 5 Aye(s): Senator(s) Kidani, Kim, Dela Cruz, Kanuha, Fevella; Aye(s) with reservations: none ; 0 No(es): none; and 0 Excused: none."
ocd-bill/48985fec-a91b-438c-befa-7a41cab89007,HI,2022 Regular Session,SB 2724,RELATING TO SEA LEVEL RISE ADAPTATION.,https://capitol.hawaii.gov/Session2022/Testimony/SB2724_TESTIMONY_WTL_02-04-22_.PDF,https://openstates.org/hi/bills/2022 Regular Session/SB2724,2022-01-22 13:13:32.675133+00:00,Senate,"Sharon Y. Moriwaki, Laura Acasio, Mike Gabbard, Gilbert S.C. Keith-Agaran, Chris Lee, Bennette E. Misalucha, Karl Rhoads, Les Ihara, Joy A. San Buenaventura, Maile S.L. Shimabukuro","Introduced., Passed First Reading., Referred to WTL, WAM., The committee(s) on WTL has scheduled a public hearing on 02-04-22 1:15PM; Conference Room 229 & Videoconference., The committee(s) on  WTL recommend(s) that the measure be PASSED, WITH AMENDMENTS.  The votes in WTL were as follows: 4 Aye(s): Senator(s) Inouye, Misalucha, Riviere, Fevella; Aye(s) with reservations: none ; 0 No(es): none; and 1 Excused: Senator(s) Keith-Agaran."
ocd-bill/1e0138b3-8698-4069-bf9a-c620054837ba,HI,2022 Regular Session,SB 2288,RELATING TO COMPOSTING.,https://capitol.hawaii.gov/Session2022/Testimony/SB2288_TESTIMONY_AEN_02-04-22_.PDF,https://openstates.org/hi/bills/2022 Regular Session/SB2288,2022-01-21 06:57:39.355865+00:00,Senate,Ronald D. Kouchi,"Introduced., Passed First Reading., Referred to AEN, WAM., The committee(s) on AEN has scheduled a public hearing on 02-04-22 1:00PM; Conference Room 224 & Videoconference., The committee(s) on AEN recommend(s) that the measure be PASSED, UNAMENDED.  The votes in AEN were as follows: 4 Aye(s): Senator(s) Gabbard, Acasio, Rhoads, Fevella; Aye(s) with reservations: none ; 0 No(es): none; and 1 Excused: Senator(s) Nishihara."
ocd-bill/359fb990-9a19-418b-be36-045457fbcdc0,HI,2022 Regular Session,SB 2054,RELATING TO CLIMATE CHANGE MITIGATION., ,https://openstates.org/hi/bills/2022 Regular Session/SB2054,2022-01-15 06:48:48.109513+00:00,Senate,Ronald D. Kouchi,"Pending Introduction., Introduced and passed First Reading., Referred to AEN, WAM., The committee(s) on AEN has scheduled a public hearing on 02-09-22 1:00PM; Conference Room 224 & Videoconference."
ocd-bill/9e14ecb7-6e40-4352-a0ea-d31ff6edcb39,HI,2022 Regular Session,HB 2431,RELATING TO SUSTAINABLE FOOD SYSTEMS., ,https://openstates.org/hi/bills/2022 Regular Session/HB2431,2022-01-27 07:31:32.040086+00:00,House,"Daniel Holt, Patrick Pihana Branco, Linda Clark, Sonny Ganaden, Troy N. Hashimoto, Greggor Ilagan, Nicole E. Lowen, Scot Z. Matayoshi, Scott Y. Nishimoto, Takashi Ohno, Sean Quinlan, Gregg Takayama, David A. Tarnas, Chris Todd, Justin H. Woodson","Introduced and Pass First Reading., Referred to AGR, FIN, referral sheet 3, Bill scheduled to be heard by AGR on Wednesday, 02-09-22 10:00AM in House conference room 325 Via Videoconference."
ocd-bill/eee7f75b-1f74-4982-9355-6a99e28717c7,HI,2022 Regular Session,HB 2016,RELATING TO THE SAND ISLAND STATE RECREATION AREA.,https://capitol.hawaii.gov/Session2022/Testimony/HB2016_TESTIMONY_WAL_02-03-22_.PDF,https://openstates.org/hi/bills/2022 Regular Session/HB2016,2022-01-25 07:21:10.575242+00:00,House,"Sonny Ganaden, Della Au Belatti, Patrick Pihana Branco, Daniel Holt, Greggor Ilagan, Jeanne Kapela, Lisa Marten, Angus L.K. McKelvey, Nadine K. Nakamura, Scott Y. Nishimoto, Amy A. Perruso, Gregg Takayama, Adrian K. Tam, David A. Tarnas, Tina Wildberger","Pending introduction., Introduced and Pass First Reading., Referred to WAL, CPC, FIN, referral sheet 3, Bill scheduled to be heard by WAL on Thursday, 02-03-22 9:30AM in House conference room 430 Via Videoconference., The committees on WAL recommend that the measure be PASSED, WITH AMENDMENTS. The votes were as follows: 7 Ayes: Representative(s) Tarnas, Branco, Ganaden, B. Kobayashi, Kong, Morikawa, Ohno; Ayes with reservations: none; 0 Noes: none; and 1 Excused: Representative(s) McDermott., Reported from WAL (Stand. Com. Rep. No. 25-22) as amended in HD 1, recommending passage on Second Reading and referral to CPC."
ocd-bill/599d27ac-c3f8-4ec4-a8a5-2d72d47f9ff8,MN,2021-2022 Regular Session,SF 1905,Pollinator lethal insecticides fee increase; pollinator research fee revenue allocation authorization, ,https://openstates.org/mn/bills/2021-2022/SF1905,2021-03-06 02:21:00.428291+00:00,Senate,"Kari Dziedzic, Ann Rest, John Marty","Introduction and first reading, Referred to Agriculture and Rural Development Finance and Policy, Author added Rest, Author added Marty"
ocd-bill/1549763a-c938-4eac-a1fd-d85f0a9e04ab,MN,2021-2022 Regular Session,SF 2904,Clean Car rules repeal, ,https://openstates.org/mn/bills/2021-2022/SF2904,2022-02-05 04:38:26.839689+00:00,Senate,Andrew Mathews,"Introduction and first reading, Referred to Environment and Natural Resources Policy and Legacy Finance"
ocd-bill/5a7259e8-11d2-4de6-893a-5363459dd8ad,WA,2021-2022 Regular Session,HB 1812,Modernizing the energy facility site evaluation council to meet the state's clean energy goals.,"http://lawfilesext.leg.wa.gov/Biennium/2021-22/Htm/Bill%20Reports/House/1812%20HBA%20ENVI%2022.htm, http://lawfilesext.leg.wa.gov/Biennium/2021-22/Htm/Bill%20Reports/House/1812%20HBR%20ENVI%2022.htm",https://openstates.org/wa/bills/2021-2022/HB1812,2022-01-06 20:45:37.957182+00:00,House,"Joe Fitzgibbon, Sharon Wylie, Liz Berry, Javier Valdez, Gerry Pollet, Kirsten Harris-Talley","Prefiled for introduction., First reading, referred to Environment & Energy., Public hearing in the House Committee on Environment & Energy at 10:00 AM., Public hearing in the House Committee on Environment & Energy at 8:00 AM., Executive session scheduled, but no action was taken in the House Committee on Environment & Energy at 1:30 PM., Executive session scheduled, but no action was taken in the House Committee on Environment & Energy at 8:00 AM., Executive action taken in the House Committee on Environment & Energy at 10:00 AM., ENVI - Majority; 1st substitute bill be substituted, do pass., Minority; do not pass., Referred to Appropriations., Scheduled for public hearing in the House Committee on Environment & Energy at 10:00 AM, Scheduled for public hearing in the House Committee on Environment & Energy at 08:00 AM, Scheduled for public hearing in the House Committee on Environment & Energy at 10:00 AM"
ocd-bill/5e03627f-af66-4d01-88d3-f36bbf05d7a9,WA,2021-2022 Regular Session,HB 1814,Expanding equitable access to the benefits of renewable energy through community solar projects.,"http://lawfilesext.leg.wa.gov/Biennium/2021-22/Htm/Bill%20Reports/House/1814%20HBA%20ENVI%2022.htm, http://lawfilesext.leg.wa.gov/Biennium/2021-22/Htm/Bill%20Reports/House/1814%20HBR%20ENVI%2022.htm",https://openstates.org/wa/bills/2021-2022/HB1814,2022-01-06 20:45:39.842608+00:00,House,"Sharon Shewmake, Liz Berry, Jessica Bateman, Davina Duerr, Nicole Macri, Alex Ramel, Dave Paul, Steve Bergquist, Joe Fitzgibbon, Gerry Pollet, Kirsten Harris-Talley, Shelley Kloba","Prefiled for introduction., First reading, referred to Environment & Energy., Public hearing in the House Committee on Environment & Energy at 10:00 AM., Executive action taken in the House Committee on Environment & Energy at 8:00 AM., ENVI - Majority; 1st substitute bill be substituted, do pass., Minority; without recommendation., Referred to Finance., Scheduled for public hearing in the House Committee on Finance at 8:00 AM (Subject to change)., Scheduled for public hearing in the House Committee on Environment & Energy at 10:00 AM, Scheduled for public hearing in the House Committee on Environment & Energy at 08:00 AM, Scheduled for public hearing in the House Committee on Finance at 08:00 AM"
ocd-bill/7b2762f7-57a6-4b0c-be89-3db674bfacfa,WA,2021-2022 Regular Session,SB 5842,Concerning state laws that address climate change., ,https://openstates.org/wa/bills/2021-2022/SB5842,2022-01-12 21:13:18.901809+00:00,Senate,"Reuven Carlyle, Marko Liias, Mona Das, Joe Nguyen, T'wina Nobles","First reading, referred to Environment, Energy & Technology., Public hearing in the Senate Committee on Environment, Energy & Technology at 8:00 AM., Executive action taken in the Senate Committee on Environment, Energy & Technology at 8:00 AM., ENET - Majority; 1st substitute bill be substituted, do pass., Minority; do not pass., And refer to Ways & Means., Referred to Ways & Means., Public hearing in the Senate Committee on Ways & Means at 9:00 AM., Scheduled for public hearing in the Senate Committee on Environment, Energy & Technology at 08:00 AM, Scheduled for public hearing in the Senate Committee on Environment, Energy & Technology at 08:00 AM, Scheduled for public hearing in the Senate Committee on Ways & Means at 09:00 AM"
ocd-bill/1fc89a23-c5c2-44fd-b73a-dc39aca839bf,WA,2021-2022 Regular Session,SB 5697,Renewing Washington's recycling system and reducing waste., ,https://openstates.org/wa/bills/2021-2022/SB5697,2022-01-07 02:48:55.372866+00:00,Senate,"Mona Das, Christine Rolfes, Patty Kuderer, Liz Lovelett, John Lovick, Joe Nguyen, Jamie Pedersen, Rebecca Saldaña, Derek Stanford","Prefiled for introduction., First reading, referred to Environment, Energy & Technology., Public hearing in the Senate Committee on Environment, Energy & Technology at 10:30 AM., Executive action taken in the Senate Committee on Environment, Energy & Technology at 8:00 AM., ENET - Majority; 1st substitute bill be substituted, do pass., Minority; do not pass., And refer to Ways & Means., Referred to Ways & Means., Scheduled for public hearing in the Senate Committee on Environment, Energy & Technology at 10:30 AM, Scheduled for public hearing in the Senate Committee on Environment, Energy & Technology at 08:00 AM"
ocd-bill/6ea90a9c-14d5-4ed8-baef-00033ba5bf8a,OR,2022 Regular Session,HB 4115,Relating to investment funds; prescribing an effective date., ,https://openstates.org/or/bills/2022R1/HB4115,2022-01-27 18:02:27.513150+00:00,House,"Paul Holvey, Khanh Pham, Jeff Golden, Akasha Lawrence Spence, Teresa Alonso Leon, Wlnsvey Campos, Maxine Dexter, Julie Fahey, David Gomberg, Zach Hudson, Jason Kropf, Courtney Neron, Marty Wilde, Anna Williams, Michael Dembrow, Lew Frederick, Deb Patterson, Floyd Prozanski, Ricki Ruiz, Chris Hoy","First reading. Referred to Speaker's desk., Referred to Revenue., Public Hearing held."
ocd-bill/5f943bb4-8a60-498e-95d0-f04a89ca7e59,HI,2022 Regular Session,SB 3190,RELATING TO FISH HATCHERY EDUCATION., ,https://openstates.org/hi/bills/2022 Regular Session/SB3190,2022-01-25 07:20:05.790635+00:00,Senate,Maile S.L. Shimabukuro,"Introduced., Passed First Reading., Referred to EDU/AEN, WAM., Re-Referred to EDU, WAM., The committee(s) on EDU has scheduled a public hearing on 02-07-22 3:20PM; Conference Room 229 + videoconference."
ocd-bill/ce9c7f54-49e0-4373-89df-6605a7219307,HI,2022 Regular Session,SB 2483,RELATING TO ENERGY., ,https://openstates.org/hi/bills/2022 Regular Session/SB2483,2022-01-22 07:06:54.884193+00:00,Senate,Donovan M. Dela Cruz,"Introduced., Passed First Reading., Referred to EET/GVO, WAM., The committee(s) on EET/GVO has scheduled a public hearing on 02-09-22 3:00PM; Conference Room 224 & Videoconference."
ocd-bill/f1cebeb0-b6dd-41b8-a8cc-e33ecba44b4f,HI,2022 Regular Session,HB 2202,RELATING TO STATE SYMBOLS., ,https://openstates.org/hi/bills/2022 Regular Session/HB2202,2022-01-26 07:26:24.442124+00:00,House,"Lisa Marten, Della Au Belatti, Patrick Pihana Branco, Cedric Asuega Gates, Linda Ichiyama, Greggor Ilagan, Jeanne Kapela, Matthew S. LoPresti, Nicole E. Lowen, Lauren Matsumoto, Angus L.K. McKelvey, Dee Morikawa, Nadine K. Nakamura, Amy A. Perruso, Gregg Takayama, Adrian K. Tam, David A. Tarnas, Tina Wildberger, John M. Mizuno, Mark M. Nakashima","Pending introduction., Introduced and Pass First Reading., Referred to CAI, JHA, referral sheet 3, Bill scheduled to be heard by CAI on Wednesday, 02-09-22 10:30AM in House conference room 329 Via Videoconference."
ocd-bill/4cba60b4-6a9f-4c53-90a5-ac7b12a74136,HI,2022 Regular Session,HB 1639,RELATING TO A CARBON TAX ON AVIATION FUEL., ,https://openstates.org/hi/bills/2022 Regular Session/HB1639,2022-01-21 06:57:14.359195+00:00,House,"Nicole E. Lowen, Sonny Ganaden, Greggor Ilagan, Aaron Ling Johanson, Jeanne Kapela, Lisa Kitagawa, Matthew S. LoPresti, Lisa Marten, Mark M. Nakashima, Amy A. Perruso, David A. Tarnas, Tina Wildberger, Angus L.K. McKelvey","Pending introduction., Introduced and Pass First Reading., Referred to EEP, CPC, FIN, referral sheet 2, Bill scheduled to be heard by EEP on Tuesday, 02-08-22 8:50AM in House conference room 325 Via Videoconference."
ocd-bill/4f40c801-61d5-4e1a-8d70-adfb86b23396,HI,2022 Regular Session,HB 1992,RELATING TO THE ENVIRONMENT.,https://capitol.hawaii.gov/Session2022/Testimony/HB1992_TESTIMONY_AGR_02-04-22_.PDF,https://openstates.org/hi/bills/2022 Regular Session/HB1992,2022-01-25 07:20:09.602169+00:00,House,"Lisa Marten, Patrick Pihana Branco, Sonny Ganaden, Cedric Asuega Gates, Mark J. Hashem, Linda Ichiyama, Greggor Ilagan, Jeanne Kapela, Matthew S. LoPresti, Nicole E. Lowen, Lauren Matsumoto, Angus L.K. McKelvey, John M. Mizuno, Dee Morikawa, Nadine K. Nakamura, Mark M. Nakashima, Amy A. Perruso, Adrian K. Tam, David A. Tarnas, Tina Wildberger","Pending introduction., Introduced and Pass First Reading., Referred to AGR, EEP, FIN, referral sheet 3, Bill scheduled to be heard by AGR on Friday, 02-04-22 10:00AM in House conference room 325 Via Videoconference., The committees on AGR recommend that the measure be PASSED, WITH AMENDMENTS. The votes were as follows: 6 Ayes: Representative(s) Hashem, Lowen, Marten, Todd, Tokioka, Matsumoto; Ayes with reservations: none; 0 Noes: none; and 2 Excused: Representative(s) Perruso, Matayoshi."
ocd-bill/0d6847ba-b70a-482d-a68f-73f6f7b80f66,HI,2022 Regular Session,HB 2056,RELATING TO THE BERNICE PAUAHI BISHOP MUSEUM., ,https://openstates.org/hi/bills/2022 Regular Session/HB2056,2022-01-25 07:21:57.382946+00:00,House,"Cedric Asuega Gates, Patrick Pihana Branco, Troy N. Hashimoto, Greggor Ilagan, Nicole E. Lowen, Lisa Marten, Angus L.K. McKelvey, Dee Morikawa, Scott Y. Nishimoto, Takashi Ohno, Richard H.K. Onishi, Adrian K. Tam, David A. Tarnas, Chris Todd","Pending introduction., Introduced and Pass First Reading., Referred to CAI, FIN, referral sheet 3, Bill scheduled to be heard by CAI on Wednesday, 02-09-22 10:30AM in House conference room 329 Via Videoconference."
ocd-bill/dd6435d2-7c9f-48df-a139-bd93644f2f0c,HI,2022 Regular Session,SB 2803,RELATING TO CLIMATE CHANGE., ,https://openstates.org/hi/bills/2022 Regular Session/SB2803,2022-01-22 13:16:17.490743+00:00,Senate,"Glenn Wakai, Laura Acasio, Stanley Chang, Mike Gabbard, Gilbert S.C. Keith-Agaran, Chris Lee, Bennette E. Misalucha, Karl Rhoads, Rosalyn H. Baker, Sharon Y. Moriwaki, Joy A. San Buenaventura","Introduced., Passed First Reading., Referred to TRS/GVO, CPN/WAM., The committee(s) on TRS/GVO has scheduled a public hearing on 02-08-22 3:15PM; Via Videoconference."
ocd-bill/3b3ccac9-74b8-41ac-aa87-f38a918e5a0e,HI,2022 Regular Session,HB 1785,RELATING TO TOURISM GOVERNANCE., ,https://openstates.org/hi/bills/2022 Regular Session/HB1785,2022-01-22 07:08:52.044663+00:00,House,"Richard H.K. Onishi, Della Au Belatti, John M. Mizuno, Dee Morikawa, Val Okimoto, Sean Quinlan, Gregg Takayama","Pending introduction., Introduced and Pass First Reading., Referred to LAT, FIN, referral sheet 2, Bill scheduled to be heard by LAT on Tuesday, 02-08-22 9:30AM in House conference room 312 Via Videoconference."
ocd-bill/8becf7c9-e57e-4a1b-b686-d81ea709038f,HI,2022 Regular Session,HB 1941,RELATING TO EDUCATION., ,https://openstates.org/hi/bills/2022 Regular Session/HB1941,2022-01-25 01:22:00.173764+00:00,House,"Justin H. Woodson, Henry J.C. Aquino, Patrick Pihana Branco, Linda Clark, Cedric Asuega Gates, Troy N. Hashimoto, Daniel Holt, Greggor Ilagan, Jeanne Kapela, Lisa Kitagawa, Matthew S. LoPresti, Nicole E. Lowen, Lisa Marten, Angus L.K. McKelvey, John M. Mizuno, Dee Morikawa, Nadine K. Nakamura, Amy A. Perruso, Adrian K. Tam, Chris Todd, Tina Wildberger, Ryan I. Yamane","Pending introduction., Introduced and Pass First Reading., Referred to EDN, FIN, referral sheet 3, Bill scheduled to be heard by EDN on Tuesday, 02-08-22 2:00PM in House conference room 309 Via Videoconference."
ocd-bill/206b164d-c483-43f3-a9f3-55e139aa2ed8,HI,2022 Regular Session,HB 2466,RELATING TO TARO.,https://capitol.hawaii.gov/Session2022/Testimony/HB2466_TESTIMONY_AGR_02-04-22_.PDF,https://openstates.org/hi/bills/2022 Regular Session/HB2466,2022-01-27 07:35:26.817042+00:00,House,"Stacelynn K.M. Eli, Patrick Pihana Branco, Sonny Ganaden, Cedric Asuega Gates, Troy N. Hashimoto, Linda Ichiyama, Greggor Ilagan, Aaron Ling Johanson, Jeanne Kapela, Lisa Kitagawa, Nicole E. Lowen, Lisa Marten, Scot Z. Matayoshi, John M. Mizuno, Dee Morikawa, Nadine K. Nakamura, Mark M. Nakashima, Scott Y. Nishimoto, Takashi Ohno, Amy A. Perruso, Gregg Takayama, Adrian K. Tam, David A. Tarnas, Chris Todd, Tina Wildberger, Kyle T. Yamashita, Matthew S. LoPresti","Introduced and Pass First Reading., Referred to AGR, ECD, FIN, referral sheet 3, Bill scheduled to be heard by AGR on Friday, 02-04-22 10:00AM in House conference room 325 Via Videoconference., The committees on AGR recommend that the measure be PASSED, WITH AMENDMENTS. The votes were as follows: 5 Ayes: Representative(s) Hashem, Lowen, Marten, Todd, Tokioka; Ayes with reservations: none; 0 Noes: none; and 3 Excused: Representative(s) Perruso, Matayoshi, Matsumoto."
ocd-bill/dab5168d-0f90-46cc-8489-5c25fdc5f8a1,HI,2022 Regular Session,HB 2330,RELATING TO FISH HATCHERY EDUCATION., ,https://openstates.org/hi/bills/2022 Regular Session/HB2330,2022-01-26 07:28:46.857213+00:00,House,"Cedric Asuega Gates, Patrick Pihana Branco, Stacelynn K.M. Eli, Sonny Ganaden, Greggor Ilagan, Lisa Marten, Angus L.K. McKelvey, Dee Morikawa, Takashi Ohno, Gregg Takayama, Chris Todd","Pending introduction., Introduced and Pass First Reading., Referred to EDN/ECD, FIN, referral sheet 3, Bill scheduled to be heard by EDN/ECD on Tuesday, 02-08-22 2:00PM in House conference room 309 Via Videoconference."
ocd-bill/c7982494-4383-4a74-a9ec-637d4792dc2c,HI,2022 Regular Session,HB 1800,RELATING TO CLIMATE MITIGATION.,https://capitol.hawaii.gov/Session2022/Testimony/HB1800_TESTIMONY_EEP_02-01-22_.PDF,https://openstates.org/hi/bills/2022 Regular Session/HB1800,2022-01-22 07:06:52.737109+00:00,House,"Nicole E. Lowen, Della Au Belatti, Patrick Pihana Branco, Linda Clark, Sonny Ganaden, Linda Ichiyama, Greggor Ilagan, Aaron Ling Johanson, Jeanne Kapela, Matthew S. LoPresti, Lisa Marten, John M. Mizuno, Nadine K. Nakamura, Mark M. Nakashima, Takashi Ohno, Amy A. Perruso, Jackson D. Sayama, Roy M. Takumi, Adrian K. Tam, David A. Tarnas, Chris Todd, Tina Wildberger, Justin H. Woodson","Pending introduction., Introduced and Pass First Reading., Referred to EEP, CPC, FIN, referral sheet 2, Bill scheduled to be heard by EEP on Tuesday, 02-01-22 9:00AM in House conference room 325 Via Videoconference., The committees on EEP recommend that the measure be PASSED, WITH AMENDMENTS. The votes were as follows: 8 Ayes: Representative(s) Lowen, Marten, Hashem, Perruso, Todd, Tokioka, Matsumoto; Ayes with reservations: Representative(s) Matayoshi;  Noes: none; and  Excused: none., Reported from EEP (Stand. Com. Rep. No. 15-22) as amended in HD 1, recommending passage on Second Reading and referral to CPC., Passed Second Reading as amended in HD 1 and referred to the committee(s) on CPC with none voting aye with reservations; Representative(s) Kong, McDermott, Okimoto voting no (3) and Representative(s) LoPresti, Perruso excused (2)."
ocd-bill/e48418fa-0817-4f47-ab44-13e4eac8db80,HI,2022 Regular Session,SB 2814,RELATING TO A COASTAL ZONE PROGRAM., ,https://openstates.org/hi/bills/2022 Regular Session/SB2814,2022-01-22 13:14:17.608623+00:00,Senate,"Sharon Y. Moriwaki, Chris Lee, Karl Rhoads, Les Ihara, Gilbert S.C. Keith-Agaran, Donna Mercado Kim, Bennette E. Misalucha, Glenn Wakai","Introduced., Passed First Reading., Referred to WTL, WAM., The committee(s) on WTL has scheduled a public hearing on 02-07-22 1:00PM; Conference Room 229 & Videoconference."
ocd-bill/efeb8ee5-43a7-408f-a98f-b5bd8710f13a,AK,32nd Legislature (2021-2022),HB 298,An Act establishing the Alaska Food Strategy Task Force; and providing for an effective date., ,https://openstates.org/ak/bills/32/HB298,2022-02-05 00:41:50.880801+00:00,House,"Liz Snyder, Geran Tarr","(H) Read the first time - REFERRALS, (H) CRA, (H) Referred to COMMUNITY & REGIONAL AFFAIRS"
ocd-bill/aa65e345-7960-4d5d-9eea-0dec61adbc76,UT,2022 General Session,HCR 1,"Concurrent Resolution to Work Together to Address the Climate, Public Lands, and Carbon Sequestration",https://le.utah.gov/lfa/fnotes/2022/HCR001.fn.pdf,https://openstates.org/ut/bills/2022/HCR1,2021-12-28 18:04:50.922716+00:00,House,"Keven Stratton, David Hinkins","Bill Numbered but not Distributed, Numbered Bill Publicly Distributed, bill sent to agencies for fiscal input, fiscal note publicly available, received bill from Legislative Research, received fiscal note from Fiscal Analyst, 1st reading (Introduced), to House Public Utilities, Energy, and Technology Committee, House Comm - Favorable Recommendation, committee report favorable, 2nd reading, 3rd reading, circled"
ocd-bill/f3b8b4ab-7dbb-4828-aa0b-e1bfed05025b,OR,2022 Regular Session,HB 4054,Relating to special assessment of historic property; prescribing an effective date., ,https://openstates.org/or/bills/2022R1/HB4054,2022-01-27 18:02:27.362250+00:00,House, ,"First reading. Referred to Speaker's desk., Referred to Revenue., Public Hearing held., Work Session scheduled."
ocd-bill/0d9be219-4c83-4c2c-aa85-b157af2533c0,OR,2022 Regular Session,HCR 203,Declaring legislative intent to address risk to workers due to climate change impacts and climate hazards., ,https://openstates.org/or/bills/2022R1/HCR203,2022-01-27 18:02:27.138293+00:00,House,"Teresa Alonso Leon, Maxine Dexter, Wlnsvey Campos, Janelle Bynum, Ricki Ruiz, Courtney Neron, Khanh Pham, Karin Power, Tawna Sanchez, Lew Frederick, Deb Patterson","First reading. Referred to Speaker's desk., Referred to Rules."
ocd-bill/1c269f6f-5bce-45d1-ad70-fbf3a0a36eec,MA,192nd Legislature (2021-2022),H 4138,An Act requiring accountability for inequities in suspension and expulsion – The RAISE Act, ,https://openstates.org/ma/bills/192nd/H4138,2021-10-01 21:02:43.999975+00:00,House,"Steven Ultrino,  , John Barrett,  ,  ,  , Elizabeth Malia, Natalie Higgins, Joan Meschino, Mary Keefe, Tommy Vitolo, Tricia Farley-Bouvier,  , John Cronin, John Mahoney, James O'Day, Sean Garballey,  ","Referred to the committee on Education, Senate concurred, Hearing scheduled for 01/04/2022 from 11:00 AM-05:00 PM in Virtual Hearing, Reporting date extended to Tuesday March 1, 2022, pending concurrence"
ocd-bill/eea23693-755d-4876-9ea0-7749312f2728,MA,192nd Legislature (2021-2022),H 614,An Act implementing an elementary and secondary interdisciplinary climate education curriculum in the Commonwealth, ,https://openstates.org/ma/bills/192nd/H614,2021-04-15 13:08:50.516476+00:00,House,"James K. Hawkins,  , James Murphy, Elizabeth Malia, John Cronin,  , John Mahoney, Tommy Vitolo, Mike Connolly, David Paul Linsky, Steven Ultrino, Rob Consalvo, Erika Uyterhoeven,  , David Rogers, Jack Lewis","Referred to the committee on Education, Senate concurred, Hearing scheduled for 09/13/2021 from 11:00 AM-05:00 PM in Virtual Hearing, Reporting date extended to Tuesday March 1, 2022, pending concurrence"
ocd-bill/55cc0fd2-8619-4cbe-8d70-a9a532daf935,MA,192nd Legislature (2021-2022),H 1223,An Act to establish a Massachusetts public bank, ,https://openstates.org/ma/bills/192nd/H1223,2021-04-15 13:10:31.205809+00:00,House,"Mike Connolly,  ,  , Jack Lewis, Patrick O'Connor, Natalie Higgins, Jay Livingstone,  ,  , Dylan Fernandes, Tommy Vitolo","Referred to the committee on Financial Services, Senate concurred, Hearing scheduled for 10/26/2021 from 11:00 AM-03:00 PM in Virtual Hearing, Reporting date extended to Saturday April 30, 2022, pending concurrence"
ocd-bill/64e1673a-45ff-490c-98f0-3043f3d1f75d,MA,192nd Legislature (2021-2022),H 3571,An Act special act funding a study of passenger service on the Housatonic rail line, ,https://openstates.org/ma/bills/192nd/H3571,2021-04-15 13:06:49.736113+00:00,House,"William Pignatelli, Brian Ashe,  , Todd Smola, Tricia Farley-Bouvier","Referred to the committee on Transportation, Senate concurred, Hearing scheduled for 01/10/2022 from 02:00 PM-05:00 PM in Virtual Hearing, Bill reported favorably by committee and referred to the committee on Rules of the two branches, acting concurrently, Committee recommended ought to pass and referred to the committee on House Ways and Means"
ocd-bill/47bd84b3-ee31-484d-a84b-195df9229791,WA,2021-2022 Regular Session,HB 1782,Creating additional middle housing near transit and in areas traditionally dedicated to single-family detached housing.,"http://lawfilesext.leg.wa.gov/Biennium/2021-22/Htm/Bill%20Reports/House/1782%20HBA%20LG%2022.htm, http://lawfilesext.leg.wa.gov/Biennium/2021-22/Htm/Bill%20Reports/House/1782%20HBR%20LG%2022.htm",https://openstates.org/wa/bills/2021-2022/HB1782,2022-01-06 02:41:56.922453+00:00,House,"Jessica Bateman, Nicole Macri, Liz Berry, Joe Fitzgibbon, Cindy Ryu, Laurie Dolan, Emily Wicks, Jesse Johnson, Andrew Barkis, Lauren Davis, Roger Goodman, Mia Gregerson, Melanie Morgan, Strom Peterson, Alex Ramel, Tarra Simmons, Vandana Slatter, Steve Bergquist, Javier Valdez, My-Linh Thai, Davina Duerr, Monica Stonier, Marcus Riccelli, Timm Ormsby, Jamila Taylor, Kirsten Harris-Talley, David Hackney, Shelley Kloba, Noel Frame","Prefiled for introduction., First reading, referred to Local Government., Public hearing in the House Committee on Local Government at 10:00 AM., Executive action taken in the House Committee on Local Government at 10:00 AM., LG - Majority; 1st substitute bill be substituted, do pass., Minority; without recommendation., Referred to Appropriations., Scheduled for public hearing in the House Committee on Appropriations at 9:00 AM (Subject to change)., Scheduled for public hearing in the House Committee on Local Government at 10:00 AM, Scheduled for public hearing in the House Committee on Local Government at 10:00 AM, Scheduled for public hearing in the House Committee on Appropriations at 09:00 AM"
ocd-bill/a2a74d00-58fe-412b-9609-b99e5b8cbf16,WA,2021-2022 Regular Session,HB 1896,Providing for responsible environmental management of batteries.,"http://lawfilesext.leg.wa.gov/Biennium/2021-22/Htm/Bill%20Reports/House/1896%20HBA%20ENVI%2022.htm, http://lawfilesext.leg.wa.gov/Biennium/2021-22/Htm/Bill%20Reports/House/1896%20HBR%20ENVI%2022.htm",https://openstates.org/wa/bills/2021-2022/HB1896,2022-01-11 21:07:51.342365+00:00,House,"Kirsten Harris-Talley, Liz Berry, Cindy Ryu, Tarra Simmons, Vandana Slatter, Strom Peterson, Mia Gregerson, Roger Goodman, Timm Ormsby, Alex Ramel, Shelley Kloba, Noel Frame, Jessica Bateman, Nicole Macri, Javier Valdez, Davina Duerr, Gerry Pollet","First reading, referred to Environment & Energy., Public hearing in the House Committee on Environment & Energy at 8:00 AM., Public hearing in the House Committee on Environment & Energy at 1:30 PM., Executive action taken in the House Committee on Environment & Energy at 10:00 AM., ENVI - Majority; 1st substitute bill be substituted, do pass., Minority; do not pass., Referred to Appropriations., Scheduled for public hearing in the House Committee on Appropriations at 9:00 AM (Subject to change)., Scheduled for public hearing in the House Committee on Environment & Energy at 08:00 AM, Scheduled for public hearing in the House Committee on Environment & Energy at 01:30 PM, Scheduled for public hearing in the House Committee on Environment & Energy at 10:00 AM, Scheduled for public hearing in the House Committee on Appropriations at 09:00 AM"
ocd-bill/f8bb8b02-5ef0-4f1b-aa88-b9600039b8af,MN,2021-2022 Regular Session,HF 3005,"Climate and health program funding provided, and money appropriated.", ,https://openstates.org/mn/bills/2021-2022/HF3005,2022-02-01 20:25:56.560388+00:00,House,"Patty Acomb, Jamie Long","Introduction and first reading, referred to Health Finance and Policy, Author added Long, Referred by Chair to Preventive Health Policy Division"
ocd-bill/5a1511a3-94dd-43ae-b99a-9f970feb1790,OR,2022 Regular Session,SB 1534,Relating to biological carbon sequestration; prescribing an effective date., ,https://openstates.org/or/bills/2022R1/SB1534,2022-01-27 18:02:26.494053+00:00,Senate, ,"Introduction and first reading. Referred to President's desk., Referred to Natural Resources and Wildfire Recovery., Public Hearing Scheduled., Possible Work Session cancelled., Possible Work Session scheduled."
ocd-bill/7a9cdd34-d544-4f18-b9eb-815e6cbedc6f,OR,2022 Regular Session,HB 4141,Relating to diesel fuel., ,https://openstates.org/or/bills/2022R1/HB4141,2022-01-27 18:02:28.986392+00:00,House,"Paul Evans, Wlnsvey Campos, Teresa Alonso Leon, Ken Helm, Chris Hoy, Ricki Ruiz, Tawna Sanchez, Sheri Schouten, Marty Wilde, Michael Dembrow, Bill Hansell, Deb Patterson","First reading. Referred to Speaker's desk., Referred to Transportation., Public Hearing scheduled."
ocd-bill/8d2b849e-e2f8-4713-bb76-34df09b6a676,OR,2022 Regular Session,SB 1546,Relating to Elliott State Research Forest; prescribing an effective date., ,https://openstates.org/or/bills/2022R1/SB1546,2022-01-27 18:02:28.831442+00:00,Senate,Lee Beyer,"Introduction and first reading. Referred to President's desk., Referred to Natural Resources and Wildfire Recovery, then Ways and Means., Informational Meeting held., Public Hearing held., Work Session scheduled."
ocd-bill/85337aed-5009-4100-ba82-8b6fc381cb52,OR,2022 Regular Session,SB 1572,Relating to higher education; declaring an emergency., ,https://openstates.org/or/bills/2022R1/SB1572,2022-01-27 18:02:32.047025+00:00,Senate,"Rob Wagner, Sara Gelser Blouin, Jason Kropf","Introduction and first reading. Referred to President's desk., Referred to Education., Public Hearing Scheduled., Work Session scheduled."
ocd-bill/2469773e-67a4-4a3d-81e9-c2f918225db9,WI,2021 Regular Session,AB 784,"Relating to: creating the Wisconsin Climate Corps program, granting rule-making authority, and making an appropriation. (FE)",http://docs.legis.wisconsin.gov/2021/related/fe/ab784/ab784_dpi.pdf,https://openstates.org/wi/bills/2021/AB784,2022-01-05 00:56:55.395616+00:00,Assembly,"Greta Neubauer, Francesca Hong, Jimmy Anderson, Deb Andraca, Jonathan Brostoff, Marisabel Cabrera, Sue Conley, Dave Considine, Jodi Emerson, Gary Hebl, Nick Milroy, Tod Ohnstad, Sondy Pope, Kristina Shelton, Christine Sinicki, Lee Snodgrass, Mark Spreitzer, Shelia Stubbs, Lisa Subeck, Robyn Vining","Introduced by Representatives Neubauer, Moore Omokunde, Hong, Anderson, Andraca, Brostoff, Cabrera, Conley, Considine, Emerson, Hebl, B. Meyers, Milroy, Ohnstad, Pope, S. Rodriguez, Shelton, Sinicki, Snodgrass, Spreitzer, Stubbs, Subeck and Vining; 
cosponsored by Senators Larson, Agard, Johnson, Erpenbach, Roys, L. Taylor and Smith, Read first time and referred to Committee on Government Accountability and Oversight, Fiscal estimate received, Fiscal estimate received"
ocd-bill/98912454-500f-45d7-a8e9-1bc4350ab4d9,CO,2022 Regular Session,SB 22-111,Infection Prevention Grants To Nursing Facilities, ,https://openstates.org/co/bills/2022A/SB22-111,2022-02-04 06:11:25.881756+00:00,Senate,Jim Smallwood,"Introduced In Senate - Assigned to State, Veterans, & Military Affairs"
ocd-bill/da3fff7a-26de-47aa-b722-b121a4fce7aa,ID,"66th Legislature, 2nd Regular Session (2022)",H 455,"AGRICULTURE – Amends and repeals existing law to revise provisions regarding certain fees and to remove provisions regarding certain inspection fees, tonnage fees and reports, and the artificial production of rainfall.",https://legislature.idaho.gov/wp-content/uploads/sessioninfo/2022/legislation/H0455SOP.pdf,https://openstates.org/id/bills/2022/H455,2022-01-21 18:02:56.053176+00:00,House,,"Introduced, read first time, referred to JRA for Printing, Reported Printed and Referred to Agricultural Affairs, Reported out of Committee with Do Pass Recommendation, Filed for Second Reading, Read second time; Filed for Third Reading"
ocd-bill/b88b5887-a3f3-4b9a-9a59-acee4f8b95fe,OR,2022 Regular Session,HB 4077,Relating to environmental justice; prescribing an effective date., ,https://openstates.org/or/bills/2022R1/HB4077,2022-01-27 18:02:30.468599+00:00,House, ,"First reading. Referred to Speaker's desk., Referred to Environment and Natural Resources with subsequent referral to Ways and Means., Public Hearing scheduled."
ocd-bill/6aa8667f-86a1-42ef-929e-34eeb073f57b,AZ,Fifty-fifth Legislature - Second Regular Session,HB 2609,ambulance services; service areas, ,https://openstates.org/az/bills/55th-2nd-regular/HB2609,2022-01-25 19:15:38.453354+00:00,House,"Judy Burges, Walter Blackman, Frank Carroll, David Cook, John Fillmore, Mark Finchem, Gail Griffin, Joanne Osborne, Kevin Payne, Beverly Pingerelli, David Livingston, Kelly Townsend",House First Reading.
ocd-bill/20850b07-f1b2-4c91-bd51-58046716a092,USA,117th Congress,HR 1620,Violence Against Women Act Reauthorization Act of 2021,https://www.congress.gov/amendment/117th-congress/house-amendment/33,https://openstates.org/us/bills/117/HR1620,2021-04-05 19:56:08.430302+00:00,House,"Jerrold Nadler, Brian Fitzpatrick, Steny Hoyer, Marcy Kaptur, Gwen Moore, Carolyn Maloney, Barbara Lee, Eleanor Norton, James McGovern, Karen Bass, Joyce Beatty, Jackie Speier, Debbie Dingell, Debbie Wasserman Schultz, Adam Schiff, Jim Costa, Mark Takano, Dina Titus, Suzan DelBene, Gerald Connolly, Earl Blumenauer, Frederica Wilson, Val Demings, Julia Brownley, Deborah Ross, Jimmy Gomez, Tom Malinowski, Joseph Morelle, Derek Kilmer, Steven Horsford, Susan Wild, Dean Phillips, Sara Jacobs, Frank Mrvan, Nikema Williams, Grace Meng, Daniel Kildee, Elaine Luria, Brenda Lawrence, Mike Thompson, Stephen Lynch, Danny Davis, Adriano Espaillat, Juan Vargas, Bonnie Watson Coleman, Madeleine Dean, John Garamendi, Peter Welch, Steve Cohen, Ritchie Torres, Suzanne Bonamici, Yvette Clarke, Emanuel Cleaver, Paul Tonko, Lucille Roybal-Allard, David Cicilline, Jahana Hayes, Marilyn Strickland, Mark DeSaulnier, Mary Scanlon, Eric Swalwell, Bradley Schneider, Salud Carbajal, Filemon Vela, Katherine Clark, Abigail Spanberger, Adam Smith, Chrissy Houlahan, Sylvia Garcia, Brendan Boyle, Darren Soto, Lori Trahan, Dwight Evans, Seth Moulton, Tim Ryan, Mondaire Jones, Theodore Deutch, Cheri Bustos, Jamie Raskin, David Scott, Thomas Suozzi, William Keating, Jared Huffman, Andy Kim, Joe Neguse, Haley Stevens, Gregory Meeks, Sean Casten, Lizzie Fletcher, Veronica Escobar, Grace Napolitano, A. McEachin, Jason Crow, John Yarmuth, Al Green, Kathy Manning, Jerry McNerney, Diana DeGette, Alan Lowenthal, Colin Allred, Lois Frankel, Eddie Johnson, Raúl Grijalva, Hakeem Jeffries, Betty McCollum, Lisa Blunt Rochester, George Butterfield, Vicente Gonzalez, Sharice Davids, C. Ruppersberger, Jimmy Panetta, Donald Norcross, Ilhan Omar, Cori Bush, Kurt Schrader, Lauren Underwood, Kathy Castor, Albio Sires, Greg Stanton, Marie Newman, Norma Torres, Mikie Sherrill, Josh Gottheimer, Sean Maloney, John Larson, Gregorio Sablan, Ro Khanna, Teresa Leger Fernandez, Stacey Plaskett, Marc Veasey, Janice Schakowsky, Linda Sánchez, Zoe Lofgren, Robert Scott, Alexandria Ocasio-Cortez, Rashida Tlaib, Mark Pocan, J. Correa, James Langevin, Jake Auchincloss, Ruben Gallego, Ed Perlmutter, Judy Chu, Rick Larsen, Ann Kirkpatrick, Bobby Rush, Anna Eshoo, Maxine Waters, Joaquin Castro, Andy Levin, Stephanie Murphy, Michael McCaul, Pramila Jayapal, Ayanna Pressley, David Price, Doris Matsui, Chellie Pingree, Jennifer Wexton, Chris Pappas, Kim Schrier, Ted Lieu, Alma Adams, Matthew Cartwright, Joe Courtney, Elissa Slotkin, Raul Ruiz, Lucy McBath, Kathleen Rice, Sheila Jackson Lee","Committee on the Judiciary. Hearings held., Received in the Senate., The Clerk was authorized to correct section numbers, punctuation, and cross references, and to make other necessary technical and conforming corrections in the engrossment of H.R. 1620., Motion to reconsider laid on the table Agreed to without objection., On passage Passed by the Yeas and Nays: 244 - 172 (Roll no. 86). (text: CR H1432-1456), Passed/agreed to in House: On passage Passed by the Yeas and Nays: 244 - 172 (Roll no. 86).(text: CR H1432-1456), The previous question was ordered pursuant to the rule., Motion to reconsider laid on the table. Agreed to without objection., UNFINISHED BUSINESS - The Chair announced that the unfinished business was the question on adoption of amendments which had been debated earlier and on which further proceedings had been postponed., Considered as unfinished business. (consideration: CR H1476-1479), Pursuant to clause 1(c) of Rule XIX, the House resumed consideration of H.R. 1620., Pursuant to clause 1(c) of Rule XIX, further consideration of H.R. 1620 was postponed., POSTPONED PROCEEDINGS - At the conclusion of debate on the Wagner amendment, the Chair put the question on adoption of the amendment and by voice vote, announced that the noes had prevailed. Mrs. Wagner demanded the yeas and nays and the Chair postponed further proceedings until a time to be announced., DEBATE - Pursuant to the provisions of H. Res. 233, the House proceeded with 10 minutes of debate on the Wagner amendment No. 40., POSTPONED PROCEEDINGS - At the conclusion of debate on the Stefanik amendment, the Chair put the question on adoption of the amendment and by voice vote, announced that the noes had prevailed. Ms. Stefanik demanded the yeas and nays and the Chair postponed further proceedings until a time to be announced., DEBATE - Pursuant to the provisions of H. Res. 233, the House proceeded with 10 minutes of debate on the Stefanik amendment No. 36., POSTPONED PROCEEDINGS - At the conclusion of debate on the Nadler amendment en bloc No. 1, the Chair put the question on adoption of the amendment and by voice vote, announced that the ayes had prevailed. Mrs. Fischbach demanded the yeas and nays and the Chair postponed further proceedings until a time to be announced., DEBATE - Pursuant to the provisions of H. Res. 233, the House proceeded with 20 minutes of debate on the Nadler en bloc amendment No. 1., DEBATE - The House proceeded with one hour of debate on H.R. 1620., Rule provides for consideration of H.R. 1620, H.R. 6, H.R. 1603, H.R. 1868 and H.J. Res. 17. The resolution provides for one hour of general debate on H.R. 1620, H.R. 6, H.R. 1603, H.R. 1868, and H.J.Res. 17. The resolution provides that H.Res. 232 is hereby adopted., Considered under the provisions of rule H. Res. 233. (consideration: CR H1432-1475), Rules Committee Resolution H. Res. 233 Reported to House. Rule provides for consideration of H.R. 1620, H.R. 6, H.R. 1603, H.R. 1868 and H.J. Res. 17. The resolution provides for one hour of general debate on H.R. 1620, H.R. 6, H.R. 1603, H.R. 1868, and H.J.Res. 17. The resolution provides that H.Res. 232 is hereby adopted., Referred to the Subcommittee on Health., Referred to the Committee on the Judiciary, and in addition to the Committees on Financial Services, Ways and Means, Education and Labor, Energy and Commerce, Veterans' Affairs, and Natural Resources, for a period to be subsequently determined by the Speaker, in each case for consideration of such provisions as fall within the jurisdiction of the committee concerned., Sponsor introductory remarks on measure. (CR H1096), Introduced in House"
ocd-bill/b098bd85-2fd7-44c6-bf33-f7540d6a05ee,USA,117th Congress,HR 5508,FOREST Act of 2021, ,https://openstates.org/us/bills/117/HR5508,2021-10-09 12:57:00.970743+00:00,House,"Brian Fitzpatrick, Emanuel Cleaver, Steve Cohen, Raúl Grijalva, Alan Lowenthal, Mike Quigley, John Garamendi, Mark DeSaulnier, Janice Schakowsky, Chellie Pingree, Thomas Suozzi, Earl Blumenauer","Sponsor introductory remarks on measure. (CR H6186-6187), Referred to the Committee on Ways and Means, and in addition to the Committees on Foreign Affairs, Financial Services, Oversight and Reform, and the Judiciary, for a period to be subsequently determined by the Speaker, in each case for consideration of such provisions as fall within the jurisdiction of the committee concerned., Introduced in House"
ocd-bill/de3ec64f-131f-444b-b4b2-ca64b3b11ac5,USA,117th Congress,HR 5345,Saline Lake Ecosystems in the Great Basin States Program Act of 2021, ,https://openstates.org/us/bills/117/HR5345,2021-09-24 12:38:08.675526+00:00,House,"Jared Huffman, Susie Lee, Mike Thompson, Jay Obernolte, Jim Costa, Clarence Owens, John Curtis, Chris Stewart, Mark Amodei, Blake Moore","Ordered to be Reported (Amended) by Unanimous Consent., Committee Consideration and Mark-up Session Held., Subcommittee on Water, Oceans, and Wildlife Discharged., Subcommittee Hearings Held., Referred to the Subcommittee on Water, Oceans, and Wildlife., Referred to the House Committee on Natural Resources., Introduced in House"
ocd-bill/4be7dcc7-ef5b-4214-b7d9-fd93557d401e,USA,117th Congress,HR 3692,Marine Mammal Climate Change Protection Act, ,https://openstates.org/us/bills/117/HR3692,2021-06-05 21:04:49.183206+00:00,House,"Val Demings, Pramila Jayapal, Suzanne Bonamici, Julia Brownley","Committee Hearings Held., Referred to the Subcommittee on Water, Oceans, and Wildlife., Referred to the House Committee on Natural Resources., Introduced in House"
ocd-bill/e40fade3-6de4-4565-81e5-3a4d3f77b582,USA,117th Congress,HR 2664,Green New Deal for Public Housing Act, ,https://openstates.org/us/bills/117/HR2664,2021-04-22 20:15:36.890843+00:00,House,"Eleanor Norton, Ayanna Pressley, Jamaal Bowman, Mondaire Jones, Earl Blumenauer, Ilhan Omar, Chellie Pingree, Jerrold Nadler, Adriano Espaillat, Joyce Beatty, Rashida Tlaib, Joe Neguse, Carolyn Maloney, Thomas Suozzi, Debbie Dingell, Yvette Clarke, Brendan Boyle, Grace Napolitano, Ted Lieu, David Cicilline, Barbara Lee, Ritchie Torres, Peter Welch, Marie Newman, Steve Cohen, Cori Bush, Grace Meng, Peter DeFazio, Raúl Grijalva, Andy Levin, Alan Lowenthal, Pramila Jayapal, Ro Khanna, Paul Tonko, Alexandria Ocasio-Cortez","Referred to the House Committee on Financial Services., Introduced in House"
ocd-bill/581087c7-858a-4cea-9097-908955278c13,USA,117th Congress,HR 2225,National Science Foundation for the Future Act,https://www.cbo.gov/publication/57335,https://openstates.org/us/bills/117/HR2225,2021-04-05 19:54:11.784442+00:00,House,"Frank Lucas, Haley Stevens, Michael Waltz, Deborah Ross, Gwen Moore, James Baird, Peter Meijer, Steve Cohen, Jahana Hayes, Daniel Kildee, Ro Khanna, Brian Fitzpatrick, Elaine Luria, Zoe Lofgren, Paul Tonko, Ed Case, Suzanne Bonamici, Susan Wild, Sheila Jackson Lee, Ed Perlmutter, Conor Lamb, Chrissy Houlahan, Jake Auchincloss, Albio Sires, Chris Pappas, James McGovern, Brad Sherman, Michael San Nicolas, Young Kim, Anthony Gonzalez, Jerry McNerney, Joseph Morelle, Stephanie Bice, Charlie Crist, Bill Foster, Teresa Leger Fernandez, Jacob LaTurner, Jay Obernolte, Brian Babin, Randy Feenstra, Donald Norcross, Mark Takano, Jamaal Bowman, Ami Bera, Mikie Sherrill, Lizzie Fletcher, Eddie Johnson","Received in the Senate and Read twice and referred to the Committee on Health, Education, Labor, and Pensions., Motion to reconsider laid on the table Agreed to without objection., On motion to suspend the rules and pass the bill, as amended Agreed to by the Yeas and Nays: (2/3 required): 345 - 67 (Roll no. 186). (text: CR H3187-3202), Passed/agreed to in House: On motion to suspend the rules and pass the bill, as amended Agreed to by the Yeas and Nays: (2/3 required): 345 - 67 (Roll no. 186).(text: CR H3187-3202), Considered as unfinished business. (consideration: CR H3222-3223), At the conclusion of debate, the Yeas and Nays were demanded and ordered. Pursuant to the provisions of clause 8, rule XX, the Chair announced that further proceedings on the motion would be postponed., DEBATE - The House proceeded with forty minutes of debate on H.R. 2225., Considered under suspension of the rules. (consideration: CR H3187-3206), Ms. Johnson (TX) moved to suspend the rules and pass the bill, as amended., Placed on the Union Calendar, Calendar No. 51., Reported (Amended) by the Committee on Science, Space, and Technology. H. Rept. 117-73., Ordered to be Reported (Amended) by Voice Vote., Committee Consideration and Mark-up Session Held., Forwarded by Subcommittee to Full Committee by Voice Vote ., Subcommittee Consideration and Mark-up Session Held., Referred to the Subcommittee on Research and Technology., Referred to the House Committee on Science, Space, and Technology., Sponsor introductory remarks on measure. (CR E305), Introduced in House"
ocd-bill/273a34ba-bda2-4d5b-99ae-07858d2b1c98,USA,117th Congress,HR 2967,BLUE Pacific Act, ,https://openstates.org/us/bills/117/HR2967,2021-05-05 20:31:23.573858+00:00,House,"Ami Bera, Brad Sherman, Stephanie Murphy, Brian Fitzpatrick, Tim Ryan, Aumua Amata Radewagen, Don Bacon, Dina Titus, Young Kim, Gregorio Sablan, Mikie Sherrill, Chris Stewart, Elissa Slotkin, Elaine Luria, Ed Case","Referred to the Committee on Foreign Affairs, and in addition to the Committees on Ways and Means, and Natural Resources, for a period to be subsequently determined by the Speaker, in each case for consideration of such provisions as fall within the jurisdiction of the committee concerned., Introduced in House"
ocd-bill/3ff1bec5-7c0e-4f63-9be7-8e5ad6754089,USA,117th Congress,HR 3886,Clean Energy Victory Bond Act of 2021, ,https://openstates.org/us/bills/117/HR3886,2021-06-16 15:23:08.525739+00:00,House,"Doris Matsui, Jim Costa, Zoe Lofgren","Referred to the Subcommittee on Energy., Referred to the Committee on Ways and Means, and in addition to the Committees on Energy and Commerce, and Science, Space, and Technology, for a period to be subsequently determined by the Speaker, in each case for consideration of such provisions as fall within the jurisdiction of the committee concerned., Introduced in House"
ocd-bill/d7e53834-34b1-41eb-9080-605df6a76a73,USA,117th Congress,HR 5781,National Wildland Fire Risk Reduction Program Act, ,https://openstates.org/us/bills/117/HR5781,2021-10-29 21:57:35.678032+00:00,House,"Jerry McNerney, Ed Perlmutter, Suzanne Bonamici, Eddie Johnson, Brad Sherman, Grace Napolitano, Jared Huffman, Eleanor Norton, Deborah Ross, Earl Blumenauer, Ami Bera, Mark DeSaulnier, Scott Peters, Jim Costa, Sara Jacobs, Jimmy Panetta, Norma Torres, Eric Swalwell, Mike Levin, Pete Aguilar, Julia Brownley, Sean Casten, Mike Thompson, Joe Neguse, Doris Matsui, Zoe Lofgren","Ordered to be Reported in the Nature of a Substitute (Amended) by Voice Vote., Committee Consideration and Mark-up Session Held., Referred to the Subcommittee on Economic Development, Public Buildings, and Emergency Management., Referred to the Committee on Science, Space, and Technology, and in addition to the Committee on Transportation and Infrastructure, for a period to be subsequently determined by the Speaker, in each case for consideration of such provisions as fall within the jurisdiction of the committee concerned., Introduced in House"
ocd-bill/7aec5040-4ec6-4e11-a438-948089d79cb8,UT,2022 General Session,HB 39,H.B. 39 State Construction Code Amendments,https://le.utah.gov/lfa/fnotes/2022/HB0039S02.fn.pdf,https://openstates.org/ut/bills/2022/HB39,2021-12-28 18:04:53.345806+00:00,House,"Joel Ferry, Curtis Bramble","Bill Numbered but not Distributed, Numbered Bill Publicly Distributed, received bill from Legislative Research, received fiscal note from Fiscal Analyst, 1st reading (Introduced), to House Business and Labor Committee, House Comm - Substitute Recommendation from # 0 to # 1, House Comm - Favorable Recommendation, comm rpt/substituted, 2nd reading, 3rd reading, circled, uncircled, substituted from # 1 to # 2, passed 3rd reading, to Senate, received from House, 1st reading (Introduced), to Senate Business and Labor Committee, fiscal note publicly available"
ocd-bill/588eb635-36b2-4736-af44-7541d3acfa86,CA,2021-2022 Regular Session,SB 112,Budget Act of 2021., ,https://openstates.org/ca/bills/20212022/SB112,2021-01-09 12:02:00.349869+00:00,Senate,Nancy Skinner,"Introduced. Referred to Com. on B. & F.R., From printer., Read first time., From committee with author's amendments. Read second time and amended. Re-referred to Com. on B. & F.R., Returned to Secretary of Senate pursuant to Joint Rule 56."
ocd-bill/4491aa66-f797-45e7-9a0d-f3ec37f294ba,CA,2021-2022 Regular Session,SB 905,Natural Resources Agency: Natural and Working Lands Climate Smart Strategy., ,https://openstates.org/ca/bills/20212022/SB905,2022-02-03 12:13:08.715757+00:00,Senate,Nancy Skinner,"Introduced. Read first time. To Com. on RLS. for assignment. To print., From printer. May be acted upon on or after March 5."
ocd-bill/6cf056ed-08b9-420c-9498-12e7e740f2e0,CA,2021-2022 Regular Session,AB 1147,Regional transportation plan: Active Transportation Program.,https://leginfo.legislature.ca.gov/faces/billAnalysisClient.xhtml?bill_id=202120220AB1147&analysisId=335418&analyzingOffice=Assembly+Transportation,https://openstates.org/ca/bills/20212022/AB1147,2021-02-19 12:04:58.573760+00:00,Assembly,"Laura Friedman, Benjamin Allen","Read first time. To print., From printer. May be heard in committee March 21., Referred to Coms. on TRANS. and NAT. RES., From committee chair, with author's amendments: Amend, and re-refer to Com. on TRANS. Read second time and amended., Re-referred to Com. on TRANS., From committee: Do pass and re-refer to Com. on NAT. RES. (Ayes 10. Noes 3.) (April 5). Re-referred to Com. on NAT. RES., From committee: Do pass and re-refer to Com. on APPR. (Ayes 8. Noes 3.) (April 14). Re-referred to Com. on APPR., In committee: Hearing postponed by committee., In committee: Hearing postponed by committee., In committee: Set, first hearing. Referred to APPR. suspense file., Joint Rule 62(a), file notice suspended., Coauthors revised., From committee: Do pass. (Ayes 12. Noes 4.) (May 20)., Read second time. Ordered to third reading., Read third time. Passed. Ordered to the Senate. (Ayes 56. Noes 19.), In Senate. Read first time. To Com. on RLS. for assignment., Referred to Coms. on E.Q. and TRANS., From committee chair, with author's amendments: Amend, and re-refer to committee. Read second time, amended, and re-referred to Com. on E.Q., From committee: Do pass and re-refer to Com. on TRANS. (Ayes 5. Noes 2.) (July 1). Re-referred to Com. on TRANS., From committee chair, with author's amendments: Amend, and re-refer to committee. Read second time, amended, and re-referred to Com. on TRANS., From committee: Do pass and re-refer to Com. on APPR. (Ayes 11. Noes 4.) (July 13). Re-referred to Com. on APPR., In committee: Hearing postponed by committee., From committee chair, with author's amendments: Amend, and re-refer to committee. Read second time, amended, and re-referred to Com. on APPR., In committee: Referred to APPR suspense file., From committee: Do pass. (Ayes 5. Noes 2.) (August 26)., Read second time. Ordered to third reading., Read third time. Passed. Ordered to the Assembly. (Ayes 29. Noes 10.)., In Assembly. Concurrence in Senate amendments pending. May be considered on or after September 3 pursuant to Assembly Rule 77., Assembly Rule 77 suspended. (Ayes 43. Noes 12.), Senate amendments concurred in. To Engrossing and Enrolling. (Ayes 57. Noes 17.)., Enrolled and presented to the Governor at 4 p.m., Vetoed by Governor., Consideration of Governor's veto pending., Stricken from file."
ocd-bill/85a7b056-bc82-45d5-b92d-0be7f1504e43,CA,2021-2022 Regular Session,AB 147,Budget Act of 2021.,https://leginfo.legislature.ca.gov/faces/billAnalysisClient.xhtml?bill_id=202120220AB147&analysisId=334676&analyzingOffice=ASSEMBLY+FLOOR+ANALYSIS,https://openstates.org/ca/bills/20212022/AB147,2021-01-09 12:02:04.608420+00:00,Assembly,Philip Ting,"Introduced. To print., From printer. May be heard in committee February 9., Read first time., Referred to Com. on BUDGET., From committee chair, with author's amendments: Amend, and re-refer to Com. on BUDGET. Read second time and amended., Re-referred to Com. on BUDGET., Assembly Rule 96 suspended. (Ayes 53. Noes 17. Page 432.), Withdrawn from committee., Ordered to second reading., Read second time. Ordered to third reading., Read third time. Passed. Ordered to the Senate. (Ayes 56. Noes 18. Page 485.), In Senate. Read first time. To Com. on RLS. for assignment., Referred to Com. on B. & F.R., From committee chair, with author's amendments: Amend, and re-refer to committee. Read second time, amended, and re-referred to Com. on B. & F.R., Joint Rule 62(a), file notice suspended. (Ayes 29. Noes 9.), From committee: Do pass. (Ayes 17. Noes 0. Page 1691.) (June 28)., Senate Rule 29 suspended. (Ayes 31. Noes 9.), Ordered to third reading., Re-referred to Com. on B. & F.R., From committee chair, with author's amendments: Amend, and re-refer to committee. Read second time, amended, and re-referred to Com. on B. & F.R., From committee: Do pass. (Ayes 13. Noes 2.) (February 3)."
ocd-bill/2fc3b24f-d55a-4718-a70e-be8f6fa736d4,CA,2021-2022 Regular Session,AB 416,California Deforestation-Free Procurement Act: public works projects: wood and wood products.,https://leginfo.legislature.ca.gov/faces/billAnalysisClient.xhtml?bill_id=202120220AB416&analysisId=337510&analyzingOffice=Assembly+Accountability+and+Administrative+Review,https://openstates.org/ca/bills/20212022/AB416,2021-02-05 06:02:53.528795+00:00,Assembly,"Ash Kalra, Richard Bloom, Eduardo Garcia, Alex Lee, Benjamin Allen, Henry Stern, Laura Friedman, Al Muratsuchi, Luz Rivas, John Laird","Read first time. To print., From printer. May be heard in committee March 7., Referred to Com. on A. & A.R., From committee chair, with author's amendments: Amend, and re-refer to Com. on A. & A.R. Read second time and amended., Re-referred to Com. on A. & A.R., From committee: Do pass and re-refer to Com. on APPR. (Ayes 4. Noes 3.) (April 28). Re-referred to Com. on APPR., In committee: Set, first hearing. Referred to APPR. suspense file., Joint Rule 62(a), file notice suspended., From committee: Amend, and do pass as amended. (Ayes 12. Noes 4.) (May 20)., Read second time and amended. Ordered returned to second reading., Read second time. Ordered to third reading., Read third time. Passed. Ordered to the Senate. (Ayes 49. Noes 19.), In Senate. Read first time. To Com. on RLS. for assignment., Referred to Com. on G.O., From committee: Amend, and do pass as amended and re-refer to Com. on APPR. (Ayes 11. Noes 4.) (July 6)., Read second time and amended. Re-referred to Com. on APPR., In committee: Referred to suspense file., From committee: Do pass. (Ayes 5. Noes 2.) (August 26)., Read second time. Ordered to third reading., Read third time and amended. Ordered to second reading., Read second time. Ordered to third reading., Read third time. Passed. Ordered to the Assembly. (Ayes 29. Noes 8.)., In Assembly. Concurrence in Senate amendments pending., Senate amendments concurred in. To Engrossing and Enrolling. (Ayes 54. Noes 21.)., Enrolled and presented to the Governor at 3 p.m., Vetoed by Governor., Consideration of Governor's veto pending., Stricken from file."
ocd-bill/c6aeb80d-69d4-4228-bf0f-8acf693a1f7d,VA,2022 Regular Session,HB 769,Onsite sewage system pump-out oversight; certain localities.,https://lis.virginia.gov/cgi-bin/legp604.exe?221+oth+HB769F122+PDF,https://openstates.org/va/bills/2022/HB769,2022-01-21 19:26:42.113441+00:00,House,M. Keith Hodges,"Prefiled and ordered printed; offered 01/12/22 22103696D, Referred to Committee on Health, Welfare and Institutions, Assigned HWI sub: Subcommittee #2, Impact statement from DPB (HB769), Subcommittee recommends reporting with substitute (8-Y 0-N), Subcommittee recommends referring to Committee on Appropriations, House subcommittee amendments and substitutes offered"
ocd-bill/9846c35d-e14f-49ea-8027-9a35456234ef,VA,2022 Regular Session,SB 398,Regional Greenhouse Gas Initiative (RGGI); preexisting contracts.,https://lis.virginia.gov/cgi-bin/legp604.exe?221+oth+SB398F122+PDF,https://openstates.org/va/bills/2022/SB398,2022-01-21 19:27:10.795417+00:00,Senate,Ryan T. McDougle,"Prefiled and ordered printed; offered 01/12/22 22101370D, Referred to Committee on Agriculture, Conservation and Natural Resources, Reported from Agriculture, Conservation and Natural Resources (8-Y 7-N), Rereferred to Finance and Appropriations, Impact statement from DPB (SB398)"
ocd-bill/8c6674e6-4e17-45c5-a7e3-9ef485149e2d,HI,2022 Regular Session,SB 2720,RELATING TO ENERGY.,https://capitol.hawaii.gov/Session2022/Testimony/SB2720_TESTIMONY_TRS_02-01-22_.PDF,https://openstates.org/hi/bills/2022 Regular Session/SB2720,2022-01-22 13:16:04.866742+00:00,Senate,"Chris Lee, Gilbert S.C. Keith-Agaran, Jarrett Keohokalole, Bennette E. Misalucha, Sharon Y. Moriwaki, Mike Gabbard, Clarence K. Nishihara, Joy A. San Buenaventura, Glenn Wakai","Introduced., Passed First Reading., Referred to TRS, CPN ., The committee(s) on TRS has scheduled a public hearing on 02-01-22 3:00PM; Via Videoconference., Re-Referred to TRS, CPN/WAM., The committee(s) on TRS deferred the measure until 02-03-22 3:00PM; Via Videoconference., The committee(s) on TRS deferred the measure until 02-08-22 3:05PM; Via Videoconference."
ocd-bill/8759a2fc-6597-42d6-a61d-1ec1c84fc9e6,HI,2022 Regular Session,SB 3158,RELATING TO TRANSPORTATION.,https://capitol.hawaii.gov/Session2022/Testimony/SB3158_TESTIMONY_TRS_02-01-22_.PDF,https://openstates.org/hi/bills/2022 Regular Session/SB3158,2022-01-25 07:21:46.273405+00:00,Senate,"Chris Lee, Mike Gabbard, Lorraine R. Inouye, Karl Rhoads, Laura Acasio, Clarence K. Nishihara","Introduced., Passed First Reading., Referred to TRS, WAM., The committee(s) on TRS has scheduled a public hearing on 02-01-22 3:00PM; Via Videoconference., The committee(s) on TRS deferred the measure until 02-03-22 3:00PM; Via Videoconference., The committee(s) on TRS deferred the measure until 02-08-22 3:05PM; Via Videoconference."
ocd-bill/18ba2cf1-56f0-424c-912d-0f11daf53e72,HI,2022 Regular Session,SB 3261,RELATING TO HOUSING.,https://capitol.hawaii.gov/Session2022/Testimony/SB3261_TESTIMONY_HOU-GVO_02-03-22_.PDF,https://openstates.org/hi/bills/2022 Regular Session/SB3261,2022-01-26 07:27:20.858079+00:00,Senate,"Stanley Chang, Kurt Fevella, Mike Gabbard, Lorraine R. Inouye, Jarrett Keohokalole, Bennette E. Misalucha, Dru Mamo Kanuha, Michelle N. Kidani, Sharon Y. Moriwaki, Joy A. San Buenaventura, Maile S.L. Shimabukuro","Introduced., Passed First Reading., Referred to HOU/GVO, WAM/WTL., The committee(s) on HOU/GVO has scheduled a public hearing on 02-03-22 1:00PM; Conference Room 225 & Videoconference., The committee(s) on  HOU recommend(s) that the measure be PASSED, WITH AMENDMENTS.  The votes in HOU were as follows: 5 Aye(s): Senator(s) Chang, Kanuha, Moriwaki, Rhoads, Fevella; Aye(s) with reservations: none ; 0 No(es): none; and 0 Excused: none., The committee(s) on  GVO recommend(s) that the measure be PASSED, WITH AMENDMENTS.  The votes in GVO were as follows: 5 Aye(s): Senator(s) Moriwaki, Dela Cruz, Chang, Gabbard, Fevella; Aye(s) with reservations: none ; 0 No(es): none; and 0 Excused: none."
ocd-bill/036862bb-ef86-4c77-a982-2df6d89f37b0,HI,2022 Regular Session,SB 3311,RELATING TO TRANSPORTATION.,https://capitol.hawaii.gov/Session2022/Testimony/SB3311_TESTIMONY_TRS_02-03-22_.PDF,https://openstates.org/hi/bills/2022 Regular Session/SB3311,2022-01-27 07:33:36.125957+00:00,Senate,Chris Lee,"Introduced., Passed First Reading., Referred to TRS, WAM., The committee(s) on TRS has scheduled a public hearing on 02-03-22 3:00PM; Via Videoconference., The committee(s) on  TRS recommend(s) that the measure be PASSED, WITH AMENDMENTS.  The votes in TRS were as follows: 4 Aye(s): Senator(s) Lee, Inouye, DeCoite, Shimabukuro; Aye(s) with reservations: none ; 0 No(es): none; and 1 Excused: Senator(s) Fevella."
ocd-bill/e1925326-6167-4cde-b9fc-c0c7ce1e5c02,GA,2021-2022 Regular Session,HR 579,Georgia Commission on Sustainability and Economic Opportunity; create, ,https://openstates.org/ga/bills/2021_22/HR579,2022-01-14 07:06:46.103864+00:00,House,"Don Parsons, Teri Anulewicz, Matt Dollar, Scott Holcomb, Butch Parrish","House Hopper, House First Readers, House Second Readers, House Committee Favorably Reported, House Withdrawn, Recommitted"
ocd-bill/6390997a-7c54-47a1-8820-da3de3b62a79,MN,2021-2022 Regular Session,HF 2044,"Nonprofit corporation established to finance and leverage private investment for clean energy, report required, and money appropriated.", ,https://openstates.org/mn/bills/2021-2022/HF2044,2021-03-09 19:32:32.885751+00:00,House,"Todd Lippert, Jamie Long, Michelle Christensen, Robert Bierman, Frank Hornstein, Fue Lee, Patty Acomb, Athena Hollins, Mike Freiberg","Introduction and first reading, referred to Workforce and Business Development Finance and Policy, Authors added Long, Christensen, Bierman, Hornstein, Lee and Acomb, Author added Hollins, Committee report, to adopt and re-refer to Climate and Energy Finance and Policy, Motion to recall and re-refer, motion prevailed Commerce Finance and Policy, Committee report, to adopt and re-refer to Climate and Energy Finance and Policy, Author added Freiberg"
ocd-bill/f590f977-e2e2-4230-af45-78b2b7370d4e,MN,2021-2022 Regular Session,HF 3079,"Increase Teachers of Color Act strengthened, teachers of color and American Indian teachers percentage increased, world's best workforce requirements amended, report required, and money appropriated.", ,https://openstates.org/mn/bills/2021-2022/HF3079,2022-02-04 04:39:47.745846+00:00,House,"Hodan Hassan, Ruth Richardson, Jim Davnie, Rena Moran, Kaohly Her, Samantha Vang, Athena Hollins, Aisha Gomez, Mohamud Noor, Fue Lee, Sydney Jordan, Frank Hornstein, Jay Xiong, Esther Agbaje","Introduction and first reading, referred to Education Policy"
ocd-bill/f02d6a11-62c7-4048-8fcb-1cfd6487bbe1,MN,2021-2022 Regular Session,HF 3038,"Pollution Control Agency rulemaking authority modified, and Clean Car rules repealed.", ,https://openstates.org/mn/bills/2021-2022/HF3038,2022-02-04 04:36:50.980493+00:00,House,"Kurt Daudt, Donald Raleigh, Ron Kresha, Sondra Erickson, Glenn Gruenhagen, Brian Daniels, Eric Lucero, Spencer Igo, Steve Green, Chris Swedzinski, John Heinrich, Tama Theis, Susan Akland, Paul Novotny","Introduction and first reading, referred to Environment and Natural Resources Finance and Policy"
ocd-bill/0dc50989-1963-4273-84bb-9045414238b4,IL,102nd Regular Session,HB 3871,SAFE PATIENT LIMITS, ,https://openstates.org/il/bills/102nd/HB3871,2021-02-20 04:07:02.899370+00:00,House,"Fred Crespo, Will Guzzardi","Filed with the Clerk by Rep. Fred Crespo, First Reading, Referred to Rules Committee, Assigned to Health Care Licenses Committee, Rule 19(a) / Re-referred to Rules Committee, Added Co-Sponsor Rep. Will Guzzardi"
ocd-bill/33903577-82a3-49c1-a127-686038d6c049,WA,2021-2022 Regular Session,HB 2116,Concerning the commercial use of nonbiodegradable packaging., ,https://openstates.org/wa/bills/2021-2022/HB2116,2022-02-03 21:40:03.078384+00:00,House,"My-Linh Thai, Gerry Pollet","First reading, referred to Environment & Energy."
ocd-bill/ad0f22cb-0d37-4839-91f9-edb38d7cb39f,WA,2021-2022 Regular Session,SB 5910,Accelerating the availability and use of renewable hydrogen in Washington state., ,https://openstates.org/wa/bills/2021-2022/SB5910,2022-01-19 21:28:15.567022+00:00,Senate,"Reuven Carlyle, Andy Billig, Steve Conway, Brad Hawkins, Sam Hunt, Mark Mullet, Rebecca Saldaña, Derek Stanford","First reading, referred to Environment, Energy & Technology., Public hearing in the Senate Committee on Environment, Energy & Technology at 8:00 AM., Executive action taken in the Senate Committee on Environment, Energy & Technology at 8:00 AM., ENET - Majority; 1st substitute bill be substituted, do pass., And refer to Ways & Means., Referred to Ways & Means., Scheduled for public hearing in the Senate Committee on Ways & Means at 9:00 AM (Subject to change)., Scheduled for public hearing in the Senate Committee on Environment, Energy & Technology at 08:00 AM, Scheduled for public hearing in the Senate Committee on Environment, Energy & Technology at 08:00 AM, Scheduled for public hearing in the Senate Committee on Ways & Means at 09:00 AM"
ocd-bill/f3e43153-0b6b-4d40-993d-5e9a5302ba0c,WA,2021-2022 Regular Session,SB 5619,Conserving and restoring kelp forests and eelgrass meadows in Washington state., ,https://openstates.org/wa/bills/2021-2022/SB5619,2021-12-31 02:31:03.321014+00:00,Senate,"Liz Lovelett, Steve Conway, Mona Das, Bob Hasegawa, T'wina Nobles, Jamie Pedersen, Emily Randall, Christine Rolfes, Rebecca Saldaña, Derek Stanford, Kevin Van De Wege","Prefiled for introduction., First reading, referred to Agriculture, Water, Natural Resources & Parks., Public hearing in the Senate Committee on Agriculture, Water, Natural Resources & Parks at 1:30 PM., Executive action taken in the Senate Committee on Agriculture, Water, Natural Resources & Parks at 1:30 PM., AWNP - Majority; 1st substitute bill be substituted, do pass., And refer to Ways & Means., Referred to Ways & Means., Scheduled for public hearing in the Senate Committee on Ways & Means at 9:00 AM (Subject to change)., Scheduled for public hearing in the Senate Committee on Agriculture, Water, Natural Resources & Parks at 01:30 PM, Scheduled for public hearing in the Senate Committee on Agriculture, Water, Natural Resources & Parks at 01:30 PM, Scheduled for public hearing in the Senate Committee on Ways & Means at 09:00 AM"
ocd-bill/7533f72d-2e34-4aae-ac91-043b87ceb8a8,WA,2021-2022 Regular Session,SB 5971,Concerning the comprehensive plan and implementation of the goals and requirements of the growth management act., ,https://openstates.org/wa/bills/2021-2022/SB5971,2022-02-03 21:40:56.917424+00:00,Senate,"Liz Lovelett, Joe Nguyen","First reading, referred to Housing & Local Government."
ocd-bill/c86a5387-47cc-4143-b425-833218003349,WA,2021-2022 Regular Session,SB 5626,Adding a climate resilience element to water system plans., ,https://openstates.org/wa/bills/2021-2022/SB5626,2022-01-04 02:32:31.722852+00:00,Senate,"Christine Rolfes, David Frockt, Liz Lovelett, John Lovick, Joe Nguyen, Emily Randall, Derek Stanford","Prefiled for introduction., First reading, referred to Environment, Energy & Technology., Public hearing in the Senate Committee on Environment, Energy & Technology at 8:00 AM., Executive action taken in the Senate Committee on Environment, Energy & Technology at 10:30 AM., ENET - Majority; 1st substitute bill be substituted, do pass., Minority; do not pass., And refer to Ways & Means., Referred to Ways & Means., Public hearing in the Senate Committee on Ways & Means at 4:00 PM., Scheduled for public hearing in the Senate Committee on Environment, Energy & Technology at 08:00 AM, Scheduled for public hearing in the Senate Committee on Environment, Energy & Technology at 10:30 AM, Scheduled for public hearing in the Senate Committee on Ways & Means at 04:00 PM"
ocd-bill/4c0873d9-40d0-43c8-9f5e-ead1fab0a1c4,WA,2021-2022 Regular Session,HB 1661,Conserving and restoring kelp forests and eelgrass meadows in Washington state.,"http://lawfilesext.leg.wa.gov/Biennium/2021-22/Htm/Bill%20Reports/House/1661%20HBA%20RDAN%2022.htm, http://lawfilesext.leg.wa.gov/Biennium/2021-22/Htm/Bill%20Reports/House/1661%20HBR%20RDAN%2022.htm",https://openstates.org/wa/bills/2021-2022/HB1661,2021-12-18 08:20:34.208567+00:00,House,"Sharon Shewmake, Cindy Ryu, Liz Berry, Joe Fitzgibbon, Alex Ramel, Larry Springer, Davina Duerr, Amy Walen, Lisa Callan, Roger Goodman, Dave Paul, Strom Peterson, Bill Ramos, Alicia Rule, Tarra Simmons, Vandana Slatter, Steve Tharinger, Shelley Kloba, Gerry Pollet, Kirsten Harris-Talley","Prefiled for introduction., First reading, referred to Rural Development, Agriculture & Natural Resources., Public hearing in the House Committee on Rural Development, Agriculture & Natural Resources at 10:00 AM., Public hearing in the House Committee on Rural Development, Agriculture & Natural Resources at 8:00 AM., Executive action taken in the House Committee on Rural Development, Agriculture & Natural Resources at 10:00 AM., RDAN - Majority; 1st substitute bill be substituted, do pass., Referred to Appropriations., Public hearing in the House Committee on Appropriations at 1:30 PM., Scheduled for public hearing in the House Committee on Rural Development, Agriculture & Natural Resources at 10:00 AM, Scheduled for public hearing in the House Committee on Rural Development, Agriculture & Natural Resources at 08:00 AM, Scheduled for public hearing in the House Committee on Rural Development, Agriculture & Natural Resources at 10:00 AM, Scheduled for public hearing in the House Committee on Appropriations at 01:30 PM"
ocd-bill/03b00825-56be-43b9-8e83-38942a82fd5b,TN,112th Regular Session (2021-2022),HB 2636,"Taxes, Business - As introduced, allows certain retail and other businesses a deduction from business taxes for the installation of electric vehicle chargers. - Amends TCA Title 67, Chapter 4, Part 7.", ,https://openstates.org/tn/bills/112/HB2636,2022-02-02 20:05:20.102017+00:00,House,"Carson Beck, Sara Kyle","Intro., Filed for introduction, Filed for introduction, P1C., Introduced, Passed on First Consideration"
ocd-bill/4250df1e-3ac5-472e-b8d8-b4cf55f9d2a4,TN,112th Regular Session (2021-2022),HB 2654,"Taxes, Business - As introduced, allows certain retail and other businesses a deduction from business taxes for the installation of electric vehicle chargers. - Amends TCA Title 67, Chapter 4, Part 7.", ,https://openstates.org/tn/bills/112/HB2654,2022-02-02 20:08:56.425401+00:00,House,Bo Mitchell,"Intro., Filed for introduction, Filed for introduction, P1C., Introduced, Passed on First Consideration"
ocd-bill/03dab16d-8e4e-41ab-858b-d92285d205a7,TN,112th Regular Session (2021-2022),SB 2673,"Taxes, Business - As introduced, allows certain retail and other businesses a deduction from business taxes for the installation of electric vehicle chargers. - Amends TCA Title 67, Chapter 4, Part 7.", ,https://openstates.org/tn/bills/112/SB2673,2022-02-03 02:16:16.046608+00:00,Senate,"Sara Kyle, Carson Beck","Filed for introduction, Intro., Filed for introduction, Introduced, Passed on First Consideration, P1C."
ocd-bill/a545d13c-39cf-4228-b11d-ad72addd8b6b,TN,112th Regular Session (2021-2022),SB 2610,"Taxes, Business - As introduced, allows certain retail and other businesses a deduction from business taxes for the installation of electric vehicle chargers. - Amends TCA Title 67, Chapter 4, Part 7.", ,https://openstates.org/tn/bills/112/SB2610,2022-02-03 02:12:23.747724+00:00,Senate,Bo Mitchell,"Filed for introduction, Intro., Filed for introduction, Introduced, Passed on First Consideration, P1C."
