roll_call_id,yea,nay,absent,nv,passed,chamber,desc,date,bill_id
265312,7,6,0,0,1,H,"FINAL VOTE - Refer House Bill 13-1293, as amended, to the Committee of the Whole",2013-04-15,542947
267005,0,0,0,13,0,H,"FINAL VOTE - Amend printed bill on page 3, line 10, strike ""committee"" and substitute ""committee, the house transportation and energy committee,""",2013-04-15,542947
267006,0,0,0,13,0,H,FINAL VOTE - Adopt amendment L.001 (Attachment B),2013-04-15,542947
275910,3,2,0,0,1,S,FINAL VOTE - Refer House Bill 13-1293 to the Committee of the Whole,2013-04-30,542947
294491,0,0,0,13,0,H,"FINAL VOTE - Amend printed bill on page 3, line 10, strike ""committee"" and substitute ""committee, the house transportation and energy committee,""",2013-04-15,542947
294492,7,6,0,0,1,H,"FINAL VOTE - Refer House Bill 13-1293, as amended, to the Committee of the Whole",2013-04-15,542947
294493,0,0,0,13,0,H,FINAL VOTE - Adopt amendment L.001 (Attachment B),2013-04-15,542947
294494,3,2,0,0,1,S,FINAL VOTE - Refer House Bill 13-1293 to the Committee of the Whole,2013-04-30,542947
726248,8,5,0,0,1,H,House Transportation & Energy: Refer House Bill 18-1297 to the Committee on Appropriations.,2018-03-21,1106944
741288,0,0,0,13,0,H,House Appropriations: Adopt amendment J.001,2018-04-19,1106944
741289,8,5,0,0,1,H,"House Appropriations: Refer House Bill 18-1297, as amended, to the Committee of the Whole.",2018-04-19,1106944
742791,36,29,0,0,1,H,House: Third Reading Bill,2018-04-24,1106944
746479,3,2,0,0,1,S,"Senate State, Veterans, & Military Affairs: Postpone House Bill 18-1297 indefinitely.",2018-05-01,1106944
491441,7,6,0,0,1,H,"FINAL VOTE - Refer House Bill 16-1004, as amended, to the Committee of the Whole",2016-02-04,813445
492290,7,6,0,0,1,H,"FINAL VOTE - Refer House Bill 16-1004, as amended, to the Committee of the Whole",2016-02-04,813445
493400,34,31,0,0,1,H,House: Third Reading,2016-02-09,813445
495974,7,6,0,0,1,H,FINAL VOTE - Adopt amendment L.001 (Attachment J),2016-02-04,813445
525811,0,0,0,9,0,S,FINAL VOTE - Adopt amendment L.010 The motion passed without objection.,2016-03-30,813445
525812,4,5,0,0,0,S,"FINAL VOTE - Refer House Bill 16-1004, as amended, to the Committee on Appropriations",2016-03-30,813445
525813,0,0,0,9,0,S,"FINAL VOTE - Postpone House Bill 16-1004 indefinitely using a reversal of the previous roll call. There was no objection to the use of the reverse roll call, therefore, the bill was postponed indefinitely",2016-03-30,813445
1193171,4,1,0,0,1,S,"Senate State, Veterans, & Military Affairs: Refer Senate Bill 22-206, as amended, to the Committee on Appropriations.",2022-04-26,1615539
1198046,7,0,0,0,1,S,Senate Appropriations: Adopt amendment J.001,2022-05-02,1615539
1198047,5,2,0,0,1,S,"Senate Appropriations: Refer Senate Bill 22-206, as amended, to the Committee of the Whole.",2022-05-02,1615539
1199044,5,0,0,0,1,S,"Senate State, Veterans, & Military Affairs: Adopt amendment L.002 (Attachment F).",2022-04-26,1615539
1199045,5,0,0,0,1,S,"Senate State, Veterans, & Military Affairs: Adopt amendment L.003 (Attachment G).",2022-04-26,1615539
1199046,0,0,0,5,0,S,"Senate State, Veterans, & Military Affairs: Adopt amendment L.004",2022-04-26,1615539
1199047,5,0,0,0,1,S,"Senate State, Veterans, & Military Affairs: Adopt amendment L.005 (Attachment H).",2022-04-26,1615539
1199048,5,0,0,0,1,S,"Senate State, Veterans, & Military Affairs: Adopt amendment L.006 (Attachment I), as amended.",2022-04-26,1615539
1199049,5,0,0,0,1,S,"Senate State, Veterans, & Military Affairs: Adopt amendment L.007 (Attachment J).",2022-04-26,1615539
1199050,5,0,0,0,1,S,"Senate State, Veterans, & Military Affairs: Adopt amendment L.008 (Attachment K).",2022-04-26,1615539
1199051,5,0,0,0,1,S,"Senate State, Veterans, & Military Affairs: Adopt amendment L.009 (Attachment L).",2022-04-26,1615539
1199052,5,0,0,0,1,S,"Senate State, Veterans, & Military Affairs: Adopt amendment L.010 (Attachment M) to L.006.",2022-04-26,1615539
1199053,4,1,0,0,1,S,"Senate State, Veterans, & Military Affairs: Refer Senate Bill 22-206, as amended, to the Committee on Appropriations.",2022-04-26,1615539
1199054,21,14,0,0,1,S,Senate: Third Reading Bill,2022-05-03,1615539
1199667,7,3,1,0,1,H,"House State, Civic, Military, & Veterans Affairs: Refer Senate Bill 22-206, as amended, to the Committee on Appropriations.",2022-05-04,1615539
1201237,7,4,0,0,1,H,"House Appropriations: Refer Senate Bill 22-206, as amended, to the Committee of the Whole.",2022-05-09,1615539
1201738,11,0,0,0,1,H,House Appropriations: Adopt amendment L.022,2022-05-09,1615539
1201739,7,4,0,0,1,H,"House Appropriations: Refer Senate Bill 22-206, as amended, to the Committee of the Whole.",2022-05-09,1615539
1203324,39,24,2,0,1,H,House: Third Reading Bill,2022-05-11,1615539
1203325,35,0,0,0,1,S,Senate: House Amendments Concur,2022-05-11,1615539
1203326,21,14,0,0,1,S,Senate: House Amendments Repass,2022-05-11,1615539
1207163,11,0,0,0,1,H,"House State, Civic, Military, & Veterans Affairs: Adopt amendment L.014 (Attachment E).",2022-05-04,1615539
1207164,11,0,0,0,1,H,"House State, Civic, Military, & Veterans Affairs: Adopt amendment L.015 (Attachment F).",2022-05-04,1615539
1207165,7,3,1,0,1,H,"House State, Civic, Military, & Veterans Affairs: Refer Senate Bill 22-206, as amended, to the Committee on Appropriations.",2022-05-04,1615539
638072,6,5,0,0,1,H,"House Health, Insurance, & Environment: Refer House Bill 17-1366 to the Committee of the Whole.",2017-05-04,1009367
640721,37,28,0,0,1,H,House: Third Reading,2017-05-05,1009367
641346,3,2,0,0,1,S,"Senate State, Veterans, & Military Affairs: Postpone House Bill 17-1366 indefinitely using a reversal of the previous roll call. There was no objection to the use of the reverse roll call, therefore, the bill was postponed indefinitely.",2017-05-08,1009367
649348,3,2,0,0,1,S,"Senate State, Veterans, & Military Affairs: Postpone House Bill 17-1366 indefinitely using a reversal of the previous roll call. There was no objection to the use of the reverse roll call, therefore, the bill was postponed indefinitely.",2017-05-08,1009367
1048010,10,1,0,0,1,H,"House Agriculture, Livestock, & Water: Refer House Bill 21-1242, as amended, to the Committee of the Whole.",2021-04-08,1487920
1050336,11,0,0,0,1,H,"House Agriculture, Livestock, & Water: Adopt amendment L.004 (Attachment C).",2021-04-08,1487920
1050337,10,1,0,0,1,H,"House Agriculture, Livestock, & Water: Refer House Bill 21-1242, as amended, to the Committee of the Whole.",2021-04-08,1487920
1058120,40,23,1,0,1,H,House: Third Reading Bill,2021-04-21,1487920
1078166,5,0,0,0,1,S,"Senate Agriculture & Natural Resources: Refer House Bill 21-1242, as amended, to the Committee on Appropriations.",2021-05-13,1487920
1082425,7,0,0,0,1,S,Senate Appropriations: Adopt amendment J.001,2021-05-21,1487920
1082426,6,1,0,0,1,S,"Senate Appropriations: Refer House Bill 21-1242, as amended, to the Committee of the Whole.",2021-05-21,1487920
1083532,35,0,0,0,1,S,Senate: Third Reading Amend (l.008),2021-05-24,1487920
1083533,25,10,0,0,1,S,Senate: Third Reading Bill,2021-05-24,1487920
1095002,46,18,1,0,1,H,House: Senate Amendments Concur,2021-06-07,1487920
1095003,41,23,1,0,1,H,House: Senate Amendments Repass,2021-06-07,1487920
782241,10,1,0,0,1,H,"House Rural Affairs & Agriculture: Refer House Bill 19-1015, as amended, to the Committee of the Whole.",2019-01-14,1137955
783932,10,1,0,0,1,H,"House Rural Affairs & Agriculture: Refer House Bill 19-1015, as amended, to the Committee of the Whole.",2019-01-14,1137955
784731,57,7,0,0,1,H,House: Third Reading Bill,2019-01-23,1137955
789729,4,1,0,0,1,S,Senate Agriculture & Natural Resources: Refer House Bill 19-1015 to the Committee of the Whole.,2019-01-31,1137955
792571,30,5,0,0,1,S,Senate: Third Reading Bill,2019-02-05,1137955
837411,7,4,0,0,1,H,"House Energy & Environment: Refer House Bill 19-1261, as amended, to the Committee on Appropriations.",2019-04-05,1243117
838731,7,4,0,0,1,H,"House Appropriations: Refer House Bill 19-1261, as amended, to the Committee of the Whole.",2019-04-09,1243117
838732,0,0,0,11,0,H,House Appropriations: Adopt amendment J.001,2019-04-09,1243117
844214,4,7,0,0,0,H,House Energy & Environment: Adopt amendment L.005 (Attachment H).,2019-04-05,1243117
844215,4,7,0,0,0,H,House Energy & Environment: Adopt amendment L.006 (Attachment I).,2019-04-05,1243117
844216,4,7,0,0,0,H,House Energy & Environment: Adopt amendment L.004 (Attachment G).,2019-04-05,1243117
844217,7,4,0,0,1,H,"House Energy & Environment: Refer House Bill 19-1261, as amended, to the Committee on Appropriations.",2019-04-05,1243117
844218,0,0,0,11,0,H,House Energy & Environment: Adopt amendment L.002 (Attachment F).,2019-04-05,1243117
844219,1,62,2,0,0,H,House: Committee of the Whole Amd (l.030),2019-04-15,1243117
844220,0,63,2,0,0,H,House: Committee of the Whole Amd (l.008),2019-04-15,1243117
844221,26,37,2,0,0,H,House: Committee of the Whole Amd (l.029),2019-04-15,1243117
844222,25,38,2,0,0,H,House: Committee of the Whole Amd (l.025),2019-04-15,1243117
844223,26,37,2,0,0,H,House: Committee of the Whole Amd (l.019),2019-04-15,1243117
844224,25,38,2,0,0,H,House: Committee of the Whole Amd (l.024),2019-04-15,1243117
844225,26,37,2,0,0,H,House: Committee of the Whole Amd (l.028),2019-04-15,1243117
844804,41,23,1,0,1,H,House: Third Reading Bill,2019-04-16,1243117
848666,3,2,0,0,1,S,"Senate State, Veterans, & Military Affairs: Refer House Bill 19-1261, as amended, to the Committee on Appropriations.",2019-04-22,1243117
850681,6,4,0,0,1,S,Senate Appropriations: Refer House Bill 19-1261 to the Committee of the Whole.,2019-04-24,1243117
854714,16,19,0,0,0,S,Senate: Committee of the Whole Cow * (.006),2019-04-30,1243117
854715,16,19,0,0,0,S,Senate: Committee of the Whole Cow * (.013),2019-04-30,1243117
854716,16,19,0,0,0,S,Senate: Committee of the Whole Cow * (.012),2019-04-30,1243117
854717,16,19,0,0,0,S,Senate: Committee of the Whole Cow * (.010),2019-04-30,1243117
854718,16,19,0,0,0,S,Senate: Committee of the Whole Cow * (.004),2019-04-30,1243117
854719,16,19,0,0,0,S,Senate: Committee of the Whole Cow * (.014),2019-04-30,1243117
854720,16,19,0,0,0,S,Senate: Committee of the Whole Cow * (.005),2019-04-30,1243117
854721,16,19,0,0,0,S,Senate: Committee of the Whole Cow * (.003),2019-04-30,1243117
854722,16,19,0,0,0,S,Senate: Committee of the Whole Cow * (.011),2019-04-30,1243117
854723,9,26,0,0,0,S,Senate: Committee of the Whole Cow * (.002),2019-04-30,1243117
854724,16,19,0,0,0,S,Senate: Committee of the Whole Cow * (.001),2019-04-30,1243117
854725,16,19,0,0,0,S,Senate: Committee of the Whole Cow * (.007),2019-04-30,1243117
854726,16,19,0,0,0,S,Senate: Committee of the Whole Cow * (.008),2019-04-30,1243117
854727,16,19,0,0,0,S,Senate: Committee of the Whole Cow * (.009),2019-04-30,1243117
854728,16,19,0,0,0,S,Senate: Committee of the Whole Cow * (.023),2019-04-30,1243117
854729,16,19,0,0,0,S,Senate: Committee of the Whole Cow * (.032),2019-04-30,1243117
854730,16,19,0,0,0,S,Senate: Committee of the Whole Cow * (.031),2019-04-30,1243117
854731,16,19,0,0,0,S,Senate: Committee of the Whole Cow * (.030),2019-04-30,1243117
854732,16,19,0,0,0,S,Senate: Committee of the Whole Cow * (.028),2019-04-30,1243117
854733,16,19,0,0,0,S,Senate: Committee of the Whole Cow * (.029),2019-04-30,1243117
854734,16,19,0,0,0,S,Senate: Committee of the Whole Cow * (.033),2019-04-30,1243117
854735,16,19,0,0,0,S,Senate: Committee of the Whole Cow * (.036),2019-04-30,1243117
854736,16,19,0,0,0,S,Senate: Committee of the Whole Cow * (.035),2019-04-30,1243117
854737,16,19,0,0,0,S,Senate: Committee of the Whole Cow * (.034),2019-04-30,1243117
854738,16,19,0,0,0,S,Senate: Committee of the Whole Cow * (.026),2019-04-30,1243117
854739,16,19,0,0,0,S,Senate: Committee of the Whole Cow * (.027),2019-04-30,1243117
854740,16,19,0,0,0,S,Senate: Committee of the Whole Cow * (.017),2019-04-30,1243117
854741,16,19,0,0,0,S,Senate: Committee of the Whole Cow * (.015),2019-04-30,1243117
854742,16,19,0,0,0,S,Senate: Committee of the Whole Cow * (.019),2019-04-30,1243117
854743,16,19,0,0,0,S,Senate: Committee of the Whole Cow * (.016),2019-04-30,1243117
854744,16,19,0,0,0,S,Senate: Committee of the Whole Cow * (.024),2019-04-30,1243117
854745,16,19,0,0,0,S,Senate: Committee of the Whole Cow * (.020),2019-04-30,1243117
854746,16,19,0,0,0,S,Senate: Committee of the Whole Cow * (.025),2019-04-30,1243117
854747,16,19,0,0,0,S,Senate: Committee of the Whole Cow * (.021),2019-04-30,1243117
854748,16,19,0,0,0,S,Senate: Committee of the Whole Cow * (.022),2019-04-30,1243117
854749,16,19,0,0,0,S,Senate: Committee of the Whole Cow * (.018),2019-04-30,1243117
856532,35,0,0,0,1,S,Senate: Third Reading Main Question,2019-05-01,1243117
856533,18,16,1,0,1,S,Senate: Third Reading Bill,2019-05-01,1243117
856534,20,15,0,0,1,S,Senate: Third Reading Bill,2019-05-01,1243117
856984,39,24,2,0,1,H,House: Senate Amendments Repass,2019-05-01,1243117
856985,38,24,3,0,1,H,House: Senate Amendments Concur,2019-05-01,1243117
858863,0,0,0,5,0,S,"Senate State, Veterans, & Military Affairs: Adopt amendment L.042 (Attachment K).",2019-04-22,1243117
858864,0,0,0,5,0,S,"Senate State, Veterans, & Military Affairs: Adopt amendment L.043 (Attachment L).",2019-04-22,1243117
858865,3,2,0,0,1,S,"Senate State, Veterans, & Military Affairs: Refer House Bill 19-1261, as amended, to the Committee on Appropriations.",2019-04-22,1243117
1170567,3,2,0,0,1,S,"Senate Transportation & Energy: Refer Senate Bill 22-138, as amended, to the Committee on Finance.",2022-03-15,1592319
1180122,4,1,0,0,1,S,"Senate Finance: Refer Senate Bill 22-138, as amended, to the Committee on Appropriations.",2022-03-30,1592319
1181915,5,0,0,0,1,S,Senate Finance: Adopt amendment L.011 (Attachment F),2022-03-30,1592319
1181916,5,0,0,0,1,S,Senate Finance: Adopt amendment L.012 (Attachment G),2022-03-30,1592319
1181917,5,0,0,0,1,S,Senate Finance: Adopt amendment L.013 (Attachment H),2022-03-30,1592319
1181918,5,0,0,0,1,S,Senate Finance: Adopt amendment L.016 (Attachment I),2022-03-30,1592319
1181919,5,0,0,0,1,S,Senate Finance: Adopt amendment L.018 (Attachment J),2022-03-30,1592319
1181920,4,1,0,0,1,S,"Senate Finance: Refer Senate Bill 22-138, as amended, to the Committee on Appropriations.",2022-03-30,1592319
1186517,2,3,0,0,0,S,Senate Transportation & Energy: Adopt amendment L.002 (Attachment Q).,2022-03-15,1592319
1186518,2,3,0,0,0,S,Senate Transportation & Energy: Adopt amendment L.003 (Attachment R).,2022-03-15,1592319
1186519,2,3,0,0,0,S,Senate Transportation & Energy: Adopt amendment L.005 (Attachment P).,2022-03-15,1592319
1186520,4,1,0,0,1,S,Senate Transportation & Energy: Adopt amendment L.007 (Attachment N).,2022-03-15,1592319
1186521,3,2,0,0,1,S,Senate Transportation & Energy: Adopt amendment L.009 (Attachment O).,2022-03-15,1592319
1186522,3,2,0,0,1,S,"Senate Transportation & Energy: Refer Senate Bill 22-138, as amended, to the Committee on Finance.",2022-03-15,1592319
1189590,7,0,0,0,1,S,Senate Appropriations: Adopt amendment J.001,2022-04-19,1592319
1189591,4,3,0,0,1,S,"Senate Appropriations: Refer Senate Bill 22-138, as amended, to the Committee of the Whole.",2022-04-19,1592319
1191580,21,12,2,0,1,S,Senate: Third Reading Bill,2022-04-22,1592319
1195960,8,4,1,0,1,H,House Energy & Environment: Refer Senate Bill 22-138 to the Committee on Finance.,2022-04-28,1592319
1200327,7,4,0,0,1,H,"House Finance: Refer Senate Bill 22-138, as amended, to the Committee on Appropriations.",2022-05-05,1592319
1201330,7,4,0,0,1,H,"House Appropriations: Refer Senate Bill 22-138, as amended, to the Committee of the Whole.",2022-05-09,1592319
1201746,11,0,0,0,1,H,House Appropriations: Adopt amendment J.002,2022-05-09,1592319
1201747,7,4,0,0,1,H,"House Appropriations: Refer Senate Bill 22-138, as amended, to the Committee of the Whole.",2022-05-09,1592319
740978,6,5,0,0,1,S,"Senate Agriculture, Natural Resources, & Energy: Refer Senate Bill 18-226 to the Committee of the Whole.",2018-04-18,1110557
742123,17,18,0,0,0,S,Senate: Committee of the Whole Cow * (.002),2018-04-23,1110557
742124,17,18,0,0,0,S,Senate: Committee of the Whole Cow * (.001),2018-04-23,1110557
742125,17,18,0,0,0,S,Senate: Committee of the Whole Cow * (.003),2018-04-23,1110557
743679,18,17,0,0,1,S,Senate: Third Reading Bill,2018-04-25,1110557
747796,8,7,0,0,1,H,"House Transportation & Energy: Postpone Senate Bill 18-226 indefinitely using a reversal of the previous roll call. There was no objection to the use of the reverse roll call, therefore, the bill was postponed indefinitely.",2018-05-02,1110557
749000,7,8,0,0,0,H,House Transportation & Energy: Refer Senate Bill 18-226 to the Committee of the Whole.,2018-05-02,1110557
1071435,29,6,0,0,1,S,Senate: Third Reading Bill,2021-05-04,1491776
1075070,15,3,0,0,1,J,"Legislative Council: Refer Senate Bill 21-237 to the Committee on Agriculture, Livestock, &amp; Water.",2021-05-10,1491776
1078847,4,1,0,0,1,S,"Senate Agriculture & Natural Resources: Refer Senate Bill 21-237, as amended, to the Committee of the Whole.",2021-04-28,1491776
1082253,11,0,0,0,1,H,"House Agriculture, Livestock, & Water: Refer Senate Bill 21-237, as amended, to the Committee on Appropriations.",2021-05-20,1491776
1083626,11,0,0,0,1,H,"House Agriculture, Livestock, & Water: Refer Senate Bill 21-237, as amended, to the Committee on Appropriations.",2021-05-20,1491776
1084467,11,0,0,0,1,H,House Appropriations: Adopt amendment J.001,2021-05-25,1491776
1084468,8,3,0,0,1,H,"House Appropriations: Refer Senate Bill 21-237, as amended, to the Committee of the Whole.",2021-05-25,1491776
1087824,57,5,3,0,1,H,House: Third Reading Bill,2021-05-28,1491776
1089144,35,0,0,0,1,S,Senate: House Amendments Concur,2021-06-01,1491776
1089145,27,8,0,0,1,S,Senate: House Amendments Repass,2021-06-01,1491776
1091780,4,1,0,0,1,S,"Senate Agriculture & Natural Resources: Refer Senate Bill 21-237, as amended, to the Committee of the Whole.",2021-04-28,1491776
1074621,8,4,1,0,1,H,"House Energy & Environment: Refer House Bill 21-1286, as amended, to the Committee on Finance.",2021-05-06,1502629
1078010,8,4,1,0,1,H,House Energy & Environment: Adopt amendment L.002 (Attachment C).,2021-05-06,1502629
1078011,13,0,0,0,1,H,House Energy & Environment: Adopt amendment L.003 (Attachment D).,2021-05-06,1502629
1078012,13,0,0,0,1,H,House Energy & Environment: Adopt amendment L.004 (Attachment E).,2021-05-06,1502629
1078013,8,4,1,0,1,H,"House Energy & Environment: Refer House Bill 21-1286, as amended, to the Committee on Finance.",2021-05-06,1502629
1078846,6,5,0,0,1,H,"House Finance: Refer House Bill 21-1286, as amended, to the Committee on Appropriations.",2021-05-17,1502629
1082373,7,4,0,0,1,H,House Appropriations: Refer House Bill 21-1286 to the Committee of the Whole.,2021-05-21,1502629
1084321,24,41,0,0,0,H,House: Committee of the Whole Amd (l.017),2021-05-25,1502629
1084322,28,37,0,0,0,H,House: Committee of the Whole Amd (l.020),2021-05-25,1502629
1084323,24,41,0,0,0,H,House: Committee of the Whole Amd (l.021),2021-05-25,1502629
1084324,26,39,0,0,0,H,House: Committee of the Whole Amd (l.023),2021-05-25,1502629
1084325,25,38,2,0,0,H,House: Committee of the Whole Amd (l.024),2021-05-25,1502629
1085333,40,25,0,0,1,H,House: Third Reading Bill,2021-05-26,1502629
1089177,4,3,0,0,1,S,"Senate Finance: Refer House Bill 21-1286, as amended, to the Committee on Appropriations.",2021-06-01,1502629
1090133,7,0,0,0,1,S,Senate Finance: Adopt amendment L.026 (Attachment C),2021-06-01,1502629
1090134,7,0,0,0,1,S,Senate Finance: Adopt amendment L.028 (Attachment D),2021-06-01,1502629
1090135,4,3,0,0,1,S,"Senate Finance: Refer House Bill 21-1286, as amended, to the Committee on Appropriations.",2021-06-01,1502629
1091904,4,3,0,0,1,S,Senate Appropriations: Refer House Bill 21-1286 to the Committee of the Whole.,2021-06-03,1502629
1093251,21,14,0,0,1,S,Senate: Third Reading Bill,2021-06-07,1502629
1093252,35,0,0,0,1,S,Senate: Third Reading Bill (l.032),2021-06-07,1502629
1094572,41,24,0,0,1,H,House: Senate Amendments Concur,2021-06-08,1502629
1094573,41,24,0,0,1,H,House: Senate Amendments Repass,2021-06-08,1502629
1189783,3,2,0,0,1,S,"Senate State, Veterans, & Military Affairs: Refer Senate Bill 22-199, as amended, to the Committee on Appropriations.",2022-04-19,1614886
1191914,3,2,0,0,1,S,"Senate State, Veterans, & Military Affairs: Refer Senate Bill 22-199, as amended, to the Committee on Appropriations.",2022-04-19,1614886
1196465,7,0,0,0,1,S,Senate Appropriations: Adopt amendment J.002,2022-04-29,1614886
1196466,7,0,0,0,1,S,Senate Appropriations: Adopt amendment L.002,2022-04-29,1614886
1196467,4,3,0,0,1,S,"Senate Appropriations: Refer Senate Bill 22-199, as amended, to the Committee of the Whole.",2022-04-29,1614886
1198144,22,13,0,0,1,S,Senate: Third Reading Bill,2022-05-02,1614886
1199494,10,2,1,0,1,H,House Public & Behavioral Health & Human Services: Refer Senate Bill 22-199 to the Committee on Appropriations.,2022-05-03,1614886
1201132,7,4,0,0,1,H,House Appropriations: Refer Senate Bill 22-199 to the Committee of the Whole.,2022-05-09,1614886
1203192,40,24,1,0,1,H,House: Third Reading Bill,2022-05-11,1614886
539327,7,6,0,0,1,H,FINAL VOTE - Refer House Bill 16-1441 to the Committee on Appropriations,2016-04-27,873245
540418,6,7,0,0,0,H,FINAL VOTE - Adopt amendment L.002 (Attachment E),2016-04-27,873245
540419,7,6,0,0,1,H,FINAL VOTE - Refer House Bill 16-1441 to the Committee on Appropriations,2016-04-27,873245
541274,0,0,0,13,0,H,FINAL VOTE - Adopt amendment J.001 The motion passed without objection.,2016-05-03,873245
541275,7,5,1,0,1,H,"FINAL VOTE - Refer House Bill 16-1441, as amended, to the Committee of the Whole",2016-05-03,873245
543071,3,2,0,0,1,S,"FINAL VOTE - Postpone House Bill 16-1441 indefinitely using a reversal of the previous roll call. There was no objection to the use of the reverse roll call, therefore, the bill was postponed indefinitely",2016-05-05,873245
543072,2,3,0,0,0,S,FINAL VOTE - Refer House Bill 16-1441 to the Committee on Appropriations,2016-05-05,873245
544336,33,32,0,0,1,H,House: Third Reading,2016-05-04,873245
548633,2,3,0,0,0,S,FINAL VOTE - Refer House Bill 16-1441 to the Committee on Appropriations,2016-05-05,873245
548634,3,2,0,0,1,S,"FINAL VOTE - Postpone House Bill 16-1441 indefinitely using a reversal of the previous roll call. There was no objection to the use of the reverse roll call, therefore, the bill was postponed indefinitely",2016-05-05,873245
558545,6,7,0,0,0,H,FINAL VOTE - Adopt amendment L.002 (Attachment E),2016-04-27,873245
558546,0,0,0,13,0,H,FINAL VOTE - Adopt amendment J.001 The motion passed without objection.,2016-05-03,873245
558547,7,5,1,0,1,H,"FINAL VOTE - Refer House Bill 16-1441, as amended, to the Committee of the Whole",2016-05-03,873245
813268,7,4,0,0,1,H,House Energy & Environment: Refer House Bill 19-1188 to the Committee on Appropriations.,2019-03-04,1210788
819255,7,4,0,0,1,H,House Energy & Environment: Refer House Bill 19-1188 to the Committee on Appropriations.,2019-03-04,1210788
819256,4,7,0,0,0,H,House Energy & Environment: Adopt amendment L.001 (Attachment E).,2019-03-04,1210788
843345,7,4,0,0,1,H,"House Appropriations: Refer House Bill 19-1188, as amended, to the Committee of the Whole.",2019-04-12,1210788
843346,0,0,0,11,0,H,House Appropriations: Adopt amendment J.001,2019-04-12,1210788
844818,41,23,1,0,1,H,House: Third Reading Bill,2019-04-16,1210788
847464,10,8,0,0,1,J,Legislative Council: Refer House Bill 19-1188 to the Committee on Appropriations.,2019-04-18,1210788
849174,6,4,0,0,1,S,Senate Appropriations: Refer House Bill 19-1188 to the Committee of the Whole.,2019-04-23,1210788
858971,19,16,0,0,1,S,Senate: Third Reading Bill,2019-05-03,1210788
858972,20,15,0,0,1,S,Senate: Third Reading Bill,2019-05-03,1210788
858973,40,23,2,0,1,H,House: Senate Amendments Concur,2019-05-03,1210788
858974,40,23,2,0,1,H,House: Senate Amendments Repass,2019-05-03,1210788
1077449,5,0,0,0,1,S,"Senate Agriculture & Natural Resources: Refer Senate Bill 21-234, as amended, to the Committee on Appropriations.",2021-05-13,1491819
1082430,7,0,0,0,1,S,Senate Appropriations: Refer Senate Bill 21-234 to the Committee of the Whole and with a recommendation that it be placed on the consent calendar.,2021-05-21,1491819
1083095,35,0,0,0,1,S,Senate: Third Reading Bill,2021-05-24,1491819
1086873,11,0,0,0,1,H,"House Agriculture, Livestock, & Water: Refer Senate Bill 21-234 to the Committee on Appropriations.",2021-05-27,1491819
1089008,11,0,0,0,1,H,House Appropriations: Refer Senate Bill 21-234 to the Committee of the Whole.,2021-06-01,1491819
1091079,56,7,2,0,1,H,House: Third Reading Bill,2021-06-03,1491819
1081174,8,5,0,0,1,H,"House Energy & Environment: Refer House Bill 21-1303, as amended, to the Committee on Appropriations.",2021-05-20,1506752
1082477,7,4,0,0,1,H,"House Appropriations: Refer House Bill 21-1303, as amended, to the Committee of the Whole.",2021-05-21,1506752
1082916,23,39,3,0,0,H,House: Committee of the Whole Amd (l.005),2021-05-22,1506752
1083226,40,24,1,0,1,H,House: Third Reading Bill,2021-05-24,1506752
1084817,4,3,0,0,1,S,Senate Transportation & Energy: Refer House Bill 21-1303 to the Committee on Appropriations.,2021-05-25,1506752
1087269,4,3,0,0,1,S,Senate Appropriations: Refer House Bill 21-1303 to the Committee of the Whole.,2021-05-28,1506752
1089321,13,0,0,0,1,H,House Energy & Environment: Adopt amendment L.002 (Attachment B).,2021-05-20,1506752
1089322,8,5,0,0,1,H,"House Energy & Environment: Refer House Bill 21-1303, as amended, to the Committee on Appropriations.",2021-05-20,1506752
1089323,21,14,0,0,1,S,Senate: Third Reading Bill,2021-06-01,1506752
1093851,3,4,0,0,0,S,Senate Transportation & Energy: Adopt amendment L.007 (Attachment L),2021-05-25,1506752
1093852,3,4,0,0,0,S,Senate Transportation & Energy: Adopt amendment L.008 (Attachment M),2021-05-25,1506752
1093853,4,3,0,0,1,S,Senate Transportation & Energy: Refer House Bill 21-1303 to the Committee on Appropriations.,2021-05-25,1506752
1094044,41,23,1,0,1,H,House: Senate Amendments Concur,2021-06-07,1506752
1094045,41,23,1,0,1,H,House: Senate Amendments Repass,2021-06-07,1506752
783147,11,1,1,0,1,H,"House Education: Refer House Bill 19-1002, as amended, to the Committee on Appropriations.",2019-01-17,1137825
788342,11,1,1,0,1,H,"House Education: Refer House Bill 19-1002, as amended, to the Committee on Appropriations.",2019-01-17,1137825
788343,11,1,1,0,1,H,House Education: Adopt amendment L.001,2019-01-17,1137825
847055,7,4,0,0,1,H,"House Appropriations: Refer House Bill 19-1002, as amended, to the Committee of the Whole.",2019-04-18,1137825
847056,0,0,0,11,0,H,House Appropriations: Adopt amendment J.002,2019-04-18,1137825
847057,0,0,0,11,0,H,House Appropriations: Adopt amendment L.004,2019-04-18,1137825
848325,51,13,1,0,1,H,House: Third Reading Bill,2019-04-19,1137825
848326,64,0,1,0,1,H,House: Third Reading Amd (l.006),2019-04-19,1137825
848327,64,0,1,0,1,H,House: Third Reading Perm,2019-04-19,1137825
851740,3,0,2,0,1,S,"Senate State, Veterans, & Military Affairs: Refer House Bill 19-1002, as amended, to the Committee on Appropriations.",2019-04-24,1137825
853526,8,2,0,0,1,S,Senate Appropriations: Refer House Bill 19-1002 to the Committee of the Whole.,2019-04-26,1137825
856338,27,7,1,0,1,S,Senate: Third Reading Bill,2019-05-01,1137825
857981,51,12,2,0,1,H,House: Senate Amendments Repass,2019-05-02,1137825
857982,53,10,2,0,1,H,House: Senate Amendments Concur,2019-05-02,1137825
859061,3,0,2,0,1,S,"Senate State, Veterans, & Military Affairs: Refer House Bill 19-1002, as amended, to the Committee on Appropriations.",2019-04-24,1137825
1061679,8,5,0,0,1,H,"House Energy & Environment: Refer House Bill 21-1266, as amended, to the Committee on Finance.",2021-04-22,1492073
1064624,13,0,0,0,1,H,House Energy & Environment: Adopt amendment L.003 (Attachment B).,2021-04-22,1492073
1064625,8,5,0,0,1,H,"House Energy & Environment: Refer House Bill 21-1266, as amended, to the Committee on Finance.",2021-04-22,1492073
1067913,7,4,0,0,1,H,"House Finance: Refer House Bill 21-1266, as amended, to the Committee on Appropriations.",2021-05-03,1492073
1075589,6,4,1,0,1,H,House Appropriations: Adopt amendment J.001,2021-05-11,1492073
1075590,6,4,1,0,1,H,"House Appropriations: Refer House Bill 21-1266, as amended, to the Committee of the Whole.",2021-05-11,1492073
1077200,38,24,3,0,1,H,House: Third Reading Bill,2021-05-13,1492073
1090348,11,0,0,0,1,H,House Finance: Adopt amendment L.006,2021-05-03,1492073
1090349,7,4,0,0,1,H,"House Finance: Refer House Bill 21-1266, as amended, to the Committee on Appropriations.",2021-05-03,1492073
1093219,4,3,0,0,1,S,"Senate Finance: Refer House Bill 21-1266, as amended, to the Committee on Appropriations.",2021-06-07,1492073
1093861,4,3,0,0,1,S,"Senate Appropriations: Refer House Bill 21-1266, as amended, to the Committee of the Whole.",2021-06-07,1492073
1093862,12,20,3,0,0,S,Senate: Committee of the Whole Cow * (.001),2021-06-07,1492073
1093863,13,19,3,0,0,S,Senate: Committee of the Whole Cow * (.003),2021-06-07,1492073
1093864,13,19,3,0,0,S,Senate: Committee of the Whole Cow * (.004),2021-06-07,1492073
1094440,4,3,0,0,1,S,"Senate Appropriations: Refer House Bill 21-1266, as amended, to the Committee of the Whole.",2021-06-07,1492073
1094769,34,0,1,0,1,S,Senate: Third Reading Amend (l.027),2021-06-08,1492073
1094770,34,0,1,0,1,S,Senate: Third Reading Amend (l.028),2021-06-08,1492073
1094771,19,15,1,0,1,S,Senate: Third Reading Bill,2021-06-08,1492073
1095176,24,39,2,0,0,H,House: Senate Amendments ,2021-06-08,1492073
1095177,30,35,0,0,0,H,House: Senate Amendments Adhere,2021-06-08,1492073
1095178,38,27,0,0,1,H,House: Senate Amendments Concur,2021-06-08,1492073
1095179,25,40,0,0,0,H,House: Senate Amendments Lo,2021-06-08,1492073
1095180,37,27,1,0,1,H,House: Senate Amendments Repass,2021-06-08,1492073
1096830,7,0,0,0,1,S,Senate Finance: Adopt amendment L.012 (Attachment C),2021-06-07,1492073
1096831,4,3,0,0,1,S,"Senate Finance: Refer House Bill 21-1266, as amended, to the Committee on Appropriations.",2021-06-07,1492073
1066813,7,5,1,0,1,H,"House Energy & Environment: Refer House Bill 21-1269, as amended, to the Committee on Appropriations.",2021-04-29,1493141
1077771,6,4,1,0,1,H,"House Appropriations: Refer House Bill 21-1269, as amended, to the Committee of the Whole.",2021-05-14,1493141
1077949,7,5,1,0,1,H,"House Energy & Environment: Refer House Bill 21-1269, as amended, to the Committee on Appropriations.",2021-04-29,1493141
1077950,6,4,1,0,1,H,"House Appropriations: Refer House Bill 21-1269, as amended, to the Committee of the Whole.",2021-05-14,1493141
1082802,39,22,4,0,1,H,House: Third Reading Bill,2021-05-22,1493141
1084812,4,3,0,0,1,S,"Senate Transportation & Energy: Refer House Bill 21-1269, as amended, to the Committee on Appropriations.",2021-05-25,1493141
1088968,4,3,0,0,1,S,Senate Appropriations: Refer House Bill 21-1269 to the Committee of the Whole.,2021-06-01,1493141
1089030,17,18,0,0,0,S,Senate: Committee of the Whole Cow * (.001),2021-06-01,1493141
1089031,17,18,0,0,0,S,Senate: Committee of the Whole Cow * (.002),2021-06-01,1493141
1089032,16,19,0,0,0,S,Senate: Committee of the Whole Cow * (.003),2021-06-01,1493141
1089033,16,19,0,0,0,S,Senate: Committee of the Whole Cow * (.004),2021-06-01,1493141
1090056,21,13,1,0,1,S,Senate: Third Reading Bill,2021-06-02,1493141
1093716,4,3,0,0,1,S,"Senate Transportation & Energy: Refer House Bill 21-1269, as amended, to the Committee on Appropriations.",2021-05-25,1493141
1094409,42,23,0,0,1,H,House: Senate Amendments Concur,2021-06-08,1493141
1094410,42,23,0,0,1,H,House: Senate Amendments Repass,2021-06-08,1493141
1184309,12,0,1,0,1,H,House Energy & Environment: Refer House Bill 22-1323 to the Committee on Appropriations.,2022-04-06,1610817
1196435,11,0,0,0,1,H,House Appropriations: Adopt amendment J.002,2022-04-29,1610817
1196436,11,0,0,0,1,H,House Appropriations: Adopt amendment L.001,2022-04-29,1610817
1196437,9,2,0,0,1,H,"House Appropriations: Refer House Bill 22-1323, as amended, to the Committee of the Whole.",2022-04-29,1610817
1198207,57,7,1,0,1,H,House: Third Reading Bill,2022-05-02,1610817
1200571,5,0,0,0,1,S,"Senate State, Veterans, & Military Affairs: Refer House Bill 22-1323 to the Committee on Appropriations.",2022-05-05,1610817
1200949,6,1,0,0,1,S,Senate Appropriations: Refer House Bill 22-1323 to the Committee of the Whole.,2022-05-06,1610817
1201664,35,0,0,0,1,S,Senate: Third Reading Bill,2022-05-09,1610817
1062798,11,0,0,0,1,H,"House Agriculture, Livestock, & Water: Refer House Bill 21-1268, as amended, to the Committee on Appropriations.",2021-04-26,1493142
1075784,11,0,0,0,1,H,House Appropriations: Adopt amendment J.001,2021-05-11,1493142
1075785,10,0,1,0,1,H,"House Appropriations: Refer House Bill 21-1268, as amended, to the Committee of the Whole.",2021-05-11,1493142
1076682,63,1,1,0,1,H,House: Third Reading Bill,2021-05-12,1493142
1077999,11,0,0,0,1,H,"House Agriculture, Livestock, & Water: Adopt Amendment L.002 B (Attachment B).",2021-04-26,1493142
1078000,11,0,0,0,1,H,"House Agriculture, Livestock, & Water: Refer House Bill 21-1268, as amended, to the Committee on Appropriations.",2021-04-26,1493142
1080212,4,0,1,0,1,S,Senate Agriculture & Natural Resources: Refer House Bill 21-1268 to the Committee on Appropriations.,2021-05-19,1493142
1083020,7,0,0,0,1,S,Senate Appropriations: Refer House Bill 21-1268 to the Committee of the Whole and with a recommendation that it be placed on the consent calendar.,2021-05-24,1493142
1084002,35,0,0,0,1,S,Senate: Third Reading Bill,2021-05-25,1493142
696789,12,0,1,0,1,H,House Transportation & Energy: Postpone House Bill 18-1080 indefinitely.,2018-02-07,1062343
726241,8,5,0,0,1,H,House Transportation & Energy: Refer House Bill 18-1274 to the Committee of the Whole.,2018-03-21,1102620
732715,36,28,1,0,1,H,House: Third Reading Bill,2018-04-03,1102620
736922,3,2,0,0,1,S,"Senate State, Veterans, & Military Affairs: Postpone House Bill 18-1274 indefinitely.",2018-04-11,1102620
742007,3,2,0,0,1,S,"Senate State, Veterans, & Military Affairs: Postpone House Bill 18-1274 indefinitely.",2018-04-11,1102620
826413,5,2,0,0,1,S,"Senate Transportation & Energy: Refer Senate Bill 19-096, as amended, to the Committee on Appropriations.",2019-03-21,1170449
827070,5,2,0,0,1,S,"Senate Transportation & Energy: Refer Senate Bill 19-096, as amended, to the Committee on Appropriations.",2019-03-21,1170449
827071,0,0,1,6,0,S,Senate Transportation & Energy: Adopt amendment L.002 (Attachment B).,2019-03-21,1170449
845039,6,4,0,0,1,S,"Senate Appropriations: Refer Senate Bill 19-096, as amended, to the Committee of the Whole.",2019-04-16,1170449
845040,0,0,0,10,0,S,Senate Appropriations: Adopt amendment J.001,2019-04-16,1170449
848131,15,20,0,0,0,S,Senate: Committee of the Whole Cow * (.001),2019-04-18,1170449
848132,15,20,0,0,0,S,Senate: Committee of the Whole Cow * (.003),2019-04-18,1170449
848429,19,15,1,0,1,S,Senate: Third Reading Bill,2019-04-22,1170449
853030,5,3,1,0,1,H,"House State, Veterans, & Military Affairs: Refer Senate Bill 19-096, as amended, to the Committee on Appropriations.",2019-04-25,1170449
856519,0,0,0,11,0,H,House Appropriations: Adopt amendment J.002,2019-05-01,1170449
856520,7,4,0,0,1,H,"House Appropriations: Refer Senate Bill 19-096, as amended, to the Committee of the Whole.",2019-05-01,1170449
858370,40,24,1,0,1,H,House: Third Reading Bill,2019-05-03,1170449
858371,40,24,1,0,1,H,House: Third Reading Amd (l.013),2019-05-03,1170449
858372,39,25,1,0,1,H,House: Third Reading Perm,2019-05-03,1170449
859066,33,1,1,0,1,S,Senate: House Amendments Concur,2019-05-03,1170449
859067,21,13,1,0,1,S,Senate: House Amendments Repass,2019-05-03,1170449
859265,5,3,1,0,1,H,"House State, Veterans, & Military Affairs: Refer Senate Bill 19-096, as amended, to the Committee on Appropriations.",2019-04-25,1170449
1084689,5,2,0,0,1,S,"Senate Transportation & Energy: Refer Senate Bill 21-272, as amended, to the Committee on Finance.",2021-05-25,1509397
1086268,4,3,0,0,1,S,Senate Finance: Refer Senate Bill 21-272 to the Committee on Appropriations.,2021-05-26,1509397
1087254,4,3,0,0,1,S,"Senate Appropriations: Refer Senate Bill 21-272, as amended, to the Committee of the Whole.",2021-05-28,1509397
1087389,4,3,0,0,1,S,"Senate Appropriations: Refer Senate Bill 21-272, as amended, to the Committee of the Whole.",2021-05-28,1509397
1089175,21,14,0,0,1,S,Senate: Third Reading Bill,2021-06-01,1509397
1091351,7,4,0,0,1,H,"House State, Civic, Military, & Veterans Affairs: Refer Senate Bill 21-272, as amended, to the Committee on Finance.",2021-06-03,1509397
1092135,7,4,0,0,1,H,"House Appropriations: Refer Senate Bill 21-272, as amended, to the Committee of the Whole.",2021-06-04,1509397
1092136,7,3,1,0,1,H,House Finance: Refer Senate Bill 21-272 to the Committee on Appropriations.,2021-06-04,1509397
1092696,23,38,4,0,0,H,House: Committee of the Whole Amd (l.039),2021-06-04,1509397
1093732,7,0,0,0,1,S,Senate Transportation & Energy: Adopt amendment L.005 (Attachment B),2021-05-25,1509397
1093733,7,0,0,0,1,S,Senate Transportation & Energy: Adopt amendment L.007 (Attachment C),2021-05-25,1509397
1093734,5,2,0,0,1,S,"Senate Transportation & Energy: Refer Senate Bill 21-272, as amended, to the Committee on Finance.",2021-05-25,1509397
1093735,40,24,1,0,1,H,House: Third Reading Bill,2021-06-07,1509397
1094548,28,6,1,0,1,S,Senate: House Amendments Concur,2021-06-08,1509397
1094549,20,14,1,0,1,S,Senate: House Amendments Repass,2021-06-08,1509397
1100554,11,0,0,0,1,H,"House State, Civic, Military, & Veterans Affairs: Adopt amendment L.028",2021-06-03,1509397
1100555,11,0,0,0,1,H,"House State, Civic, Military, & Veterans Affairs: Adopt amendment L.029",2021-06-03,1509397
1100556,11,0,0,0,1,H,"House State, Civic, Military, & Veterans Affairs: Adopt amendment L.031",2021-06-03,1509397
1100557,7,4,0,0,1,H,"House State, Civic, Military, & Veterans Affairs: Refer Senate Bill 21-272, as amended, to the Committee on Finance.",2021-06-03,1509397
742600,9,3,1,0,1,H,House Education: Refer House Bill 18-1367 to the Committee on Appropriations.,2018-04-23,1111862
742601,9,4,0,0,1,H,"House Appropriations: Refer House Bill 18-1367, as amended, to the Committee of the Whole.",2018-04-24,1111862
742602,0,0,0,13,0,H,House Appropriations: Adopt amendment J.001,2018-04-24,1111862
743519,39,25,1,0,1,H,House: Third Reading Bill,2018-04-25,1111862
747496,3,2,0,0,1,S,"Senate State, Veterans, & Military Affairs: Postpone House Bill 18-1367 indefinitely.",2018-05-02,1111862
759907,2,3,0,0,0,S,"Senate State, Veterans, & Military Affairs: Refer House Bill 18-1367 to the Committee on Appropriations.",2018-05-02,1111862
1032243,8,4,1,0,1,H,"House Energy & Environment: Refer House Bill 21-1208, as amended, to the Committee on Finance.",2021-03-18,1474845
1033768,8,4,1,0,1,H,"House Energy & Environment: Refer House Bill 21-1208, as amended, to the Committee on Finance.",2021-03-18,1474845
1044869,7,4,0,0,1,H,"House Finance: Refer House Bill 21-1208, as amended, to the Committee on Appropriations.",2021-04-05,1474845
1075655,11,0,0,0,1,H,House Appropriations: Adopt amendment L.016,2021-05-11,1474845
1075656,6,4,1,0,1,H,"House Appropriations: Refer House Bill 21-1208, as amended, to the Committee of the Whole.",2021-05-11,1474845
1077378,38,24,3,0,1,H,House: Third Reading Bill,2021-05-13,1474845
1083796,4,3,0,0,1,S,"Senate Finance: Refer House Bill 21-1208, as amended, to the Committee on Appropriations.",2021-05-24,1474845
1085474,7,4,0,0,1,H,House Finance: Adopt amendment L.003 as amended by L.010,2021-04-05,1474845
1085475,11,0,0,0,1,H,House Finance: Adopt amendment L.008,2021-04-05,1474845
1085476,11,0,0,0,1,H,House Finance: Adopt amendment L.011,2021-04-05,1474845
1085477,9,2,0,0,1,H,House Finance: Adopt amendment L.012,2021-04-05,1474845
1085478,7,4,0,0,1,H,"House Finance: Refer House Bill 21-1208, as amended, to the Committee on Appropriations.",2021-04-05,1474845
1086546,4,3,0,0,1,S,"Senate Finance: Refer House Bill 21-1208, as amended, to the Committee on Appropriations.",2021-05-24,1474845
1087304,4,3,0,0,1,S,Senate Appropriations: Refer House Bill 21-1208 to the Committee of the Whole.,2021-05-28,1474845
1089069,21,14,0,0,1,S,Senate: Third Reading Bill,2021-06-01,1474845
1093971,41,23,1,0,1,H,House: Senate Amendments Concur,2021-06-07,1474845
1093972,41,23,1,0,1,H,House: Senate Amendments Repass,2021-06-07,1474845
1057936,4,3,0,0,1,S,"Senate Transportation & Energy: Refer Senate Bill 21-200, as amended, to the Committee on Finance.",2021-04-20,1489458
1064975,4,2,1,0,1,S,Senate Finance: Refer Senate Bill 21-200 to the Committee on Appropriations.,2021-04-28,1489458
1074433,7,0,0,0,1,S,Senate Transportation & Energy: Adopt amendment L.004 (Attachment D),2021-04-20,1489458
1074434,7,0,0,0,1,S,Senate Transportation & Energy: Adopt amendment L.005 (Attachment E),2021-04-20,1489458
1074435,7,0,0,0,1,S,Senate Transportation & Energy: Adopt amendment L.008 (Attachment F),2021-04-20,1489458
1074436,7,0,0,0,1,S,Senate Transportation & Energy: Adopt amendment L.009 (Attachment G),2021-04-20,1489458
1074437,7,0,0,0,1,S,Senate Transportation & Energy: Adopt amendment L.010 (Attachment H),2021-04-20,1489458
1074438,4,3,0,0,1,S,"Senate Transportation & Energy: Refer Senate Bill 21-200, as amended, to the Committee on Finance.",2021-04-20,1489458
1076471,7,0,0,0,1,S,Senate Appropriations: Adopt amendment J.001,2021-05-12,1489458
1076472,4,3,0,0,1,S,"Senate Appropriations: Refer Senate Bill 21-200, as amended, to the Committee of the Whole.",2021-05-12,1489458
906352,10,0,1,0,1,H,House Rural Affairs & Agriculture: Refer House Bill 20-1072 to the Committee on Appropriations.,2020-01-27,1299504
944795,11,0,0,0,1,H,"House Appropriations: Refer House Bill 20-1072, as amended, to the Committee of the Whole.",2020-03-06,1299504
945803,11,0,0,0,1,H,"House Appropriations: Refer House Bill 20-1072, as amended, to the Committee of the Whole.",2020-03-06,1299504
945804,0,0,0,11,0,H,House Appropriations: Adopt amendment L.001,2020-03-06,1299504
947772,61,0,4,0,1,H,House: Third Reading Bill,2020-03-10,1299504
960693,4,0,1,0,1,S,Senate Agriculture & Natural Resources: Postpone House Bill 20-1072 indefinitely.,2020-05-27,1299504
837996,9,2,0,0,1,H,House Finance: Postpone House Bill 19-1270 indefinitely.,2019-04-08,1244108
846499,9,2,0,0,1,H,House Finance: Postpone House Bill 19-1270 indefinitely.,2019-04-08,1244108
32104,7,4,0,0,1,H,"FINAL VOTE - Moved to refer House Bill 11-1031, as amended, to the Committee of the Whole",2011-02-02,223373
41727,3,2,0,0,1,S,"FINAL VOTE - Moved to refer House Bill 11-1031 to the Committee of the Whole, as amended",2011-02-22,223373
97397,7,4,0,0,1,H,"FINAL VOTE - Moved to refer House Bill 11-1031, as amended, to the Committee of the Whole",2011-02-02,223373
97398,3,2,0,0,1,S,"FINAL VOTE - Moved to refer House Bill 11-1031, as amended, to the Committee of the Whole",2011-02-22,223373
98104,7,4,0,0,1,H,"FINAL VOTE - Moved to refer House Bill 11-1031, as amended, to the Committee of the Whole",2011-02-02,223373
98105,3,2,0,0,1,S,"FINAL VOTE - Moved to refer House Bill 11-1031, as amended, to the Committee of the Whole",2011-02-22,223373
227631,4,1,0,0,1,S,"FINAL VOTE - Moved to refer Senate Bill 13-074, to the Committee of the Whole, without amendment",2013-02-07,465010
240609,10,3,0,0,1,H,"FINAL VOTE - Refer Senate Bill 13-074, as amended, to the Committee of the Whole",2013-03-04,465010
249127,12,1,0,0,1,H,FINAL VOTE - Adopt amendment L.004 (Attachment D),2013-03-04,465010
293659,4,1,0,0,1,S,"FINAL VOTE - Moved to refer Senate Bill 13-074, to the Committee of the Whole, without amendment",2013-02-07,465010
293660,12,1,0,0,1,H,FINAL VOTE - Adopt amendment L.004 (Attachment D),2013-03-04,465010
293661,10,3,0,0,1,H,"FINAL VOTE - Refer Senate Bill 13-074, as amended, to the Committee of the Whole",2013-03-04,465010
526770,0,0,0,9,0,S,FINAL VOTE - Adopt amendment L.002,2016-03-31,869027
526771,0,0,0,9,0,S,FINAL VOTE - Adopt amendment L.001,2016-03-31,869027
526772,8,0,1,0,1,S,"FINAL VOTE - Refer Senate Bill 16-174, as amended, to the Committee on Appropriations",2016-03-31,869027
533583,7,0,0,0,1,S,FINAL VOTE - Refer Senate Bill 16-174 to the Committee of the Whole,2016-04-15,869027
537893,32,2,1,0,1,S,Senate: Third Reading,2016-04-25,869027
537894,16,18,1,0,0,S,Senate: Amendment,2016-04-25,869027
542763,13,0,0,0,1,H,FINAL VOTE - Refer Senate Bill 16-174 to the Committee of the Whole,2016-05-05,869027
543697,13,0,0,0,1,H,"FINAL VOTE - Refer Senate Bill 16-174, as amended, to the Committee on Appropriations",2016-05-02,869027
543698,0,0,0,13,0,H,FINAL VOTE - Adopt amendment L.005,2016-05-02,869027
544908,63,2,0,0,1,H,House: Third Reading,2016-05-10,869027
558394,7,0,0,0,1,S,FINAL VOTE - Refer Senate Bill 16-174 to the Committee of the Whole,2016-04-15,869027
558395,0,0,0,13,0,H,FINAL VOTE - Adopt amendment L.005,2016-05-02,869027
558396,13,0,0,0,1,H,"FINAL VOTE - Refer Senate Bill 16-174, as amended, to the Committee on Appropriations",2016-05-02,869027
558397,13,0,0,0,1,H,FINAL VOTE - Refer Senate Bill 16-174 to the Committee of the Whole,2016-05-05,869027
1043411,8,5,0,0,1,H,"House Energy & Environment: Refer House Bill 21-1149, as amended, to the Committee on Appropriations.",2021-04-01,1472750
1050317,8,5,0,0,1,H,"House Energy & Environment: Refer House Bill 21-1149, as amended, to the Committee on Appropriations.",2021-04-01,1472750
1061595,7,4,0,0,1,H,House Appropriations: Adopt amendment J.002,2021-04-23,1472750
1061596,7,4,0,0,1,H,"House Appropriations: Refer House Bill 21-1149, as amended, to the Committee of the Whole.",2021-04-23,1472750
1063315,40,23,1,0,1,H,House: Third Reading Bill,2021-04-27,1472750
1072142,4,3,0,0,1,S,Senate Transportation & Energy: Refer House Bill 21-1149 to the Committee on Appropriations.,2021-05-04,1472750
1087266,5,2,0,0,1,S,Senate Appropriations: Refer House Bill 21-1149 to the Committee of the Whole.,2021-05-28,1472750
1089151,21,14,0,0,1,S,Senate: Third Reading Bill,2021-06-01,1472750
1056138,8,2,1,0,1,H,House Finance: Postpone House Bill 21-1246 indefinitely.,2021-04-19,1488476
800874,7,5,1,0,1,H,"House Education: Refer House Bill 19-1017, as amended, to the Committee on Appropriations.",2019-02-14,1137850
807734,7,5,1,0,1,H,"House Education: Refer House Bill 19-1017, as amended, to the Committee on Appropriations.",2019-02-14,1137850
852598,27,36,2,0,0,H,House: Committee of the Whole Amd (l.020),2019-04-25,1137850
852599,22,41,2,0,0,H,House: Committee of the Whole Amd (l.010),2019-04-25,1137850
852600,24,39,2,0,0,H,House: Committee of the Whole Amd (l.021),2019-04-25,1137850
852601,25,38,2,0,0,H,House: Committee of the Whole Amd (l.007),2019-04-25,1137850
852602,26,37,2,0,0,H,House: Committee of the Whole Amd (l.018),2019-04-25,1137850
852603,0,0,0,11,0,H,House Appropriations: Adopt amendment J.001,2019-04-25,1137850
852604,7,4,0,0,1,H,"House Appropriations: Refer House Bill 19-1017, as amended, to the Committee of the Whole.",2019-04-25,1137850
852605,0,0,0,11,0,H,House Appropriations: Adopt amendment L.005,2019-04-25,1137850
852606,21,42,2,0,0,H,House: Committee of the Whole Amd (l.012),2019-04-25,1137850
853644,40,23,2,0,1,H,House: Third Reading Bill,2019-04-26,1137850
854598,3,2,0,0,1,S,"Senate State, Veterans, & Military Affairs: Refer House Bill 19-1017 to the Committee on Appropriations.",2019-04-29,1137850
855799,6,4,0,0,1,S,Senate Appropriations: Refer House Bill 19-1017 to the Committee of the Whole.,2019-04-30,1137850
858353,22,13,0,0,1,S,Senate: Third Reading Bill,2019-05-03,1137850
1030257,13,0,0,0,1,H,House Energy & Environment: Refer House Bill 21-1180 to the Committee on Appropriations.,2021-03-17,1474108
1038228,6,4,1,0,1,H,House Appropriations: Refer House Bill 21-1180 to the Committee of the Whole.,2021-03-26,1474108
1039119,55,8,2,0,1,H,House: Third Reading Bill,2021-03-29,1474108
1064479,5,0,0,0,1,S,"Senate Agriculture & Natural Resources: Refer House Bill 21-1180, as amended, to the Committee on Appropriations.",2021-04-28,1474108
1077992,6,1,0,0,1,S,Senate Appropriations: Refer House Bill 21-1180 to the Committee of the Whole.,2021-05-14,1474108
1079820,31,4,0,0,1,S,Senate: Third Reading Bill,2021-05-19,1474108
1082382,50,12,3,0,1,H,House: Senate Amendments Concur,2021-05-21,1474108
1082383,52,10,3,0,1,H,House: Senate Amendments Repass,2021-05-21,1474108
1091362,5,0,0,0,1,S,Senate Agriculture & Natural Resources: Adopt amendment L.005 (Attachment B),2021-04-28,1474108
1091363,5,0,0,0,1,S,"Senate Agriculture & Natural Resources: Refer House Bill 21-1180, as amended, to the Committee on Appropriations.",2021-04-28,1474108
1066064,7,5,1,0,1,H,"House Energy & Environment: Refer House Bill 21-1238, as amended, to the Committee of the Whole.",2021-04-29,1486834
1072255,22,38,5,0,0,H,House: Committee of the Whole Amd (l.011),2021-05-04,1486834
1072256,22,38,5,0,0,H,House: Committee of the Whole Amd (l.016),2021-05-04,1486834
1072925,41,22,2,0,1,H,House: Third Reading Bill,2021-05-05,1486834
1077850,8,4,1,0,1,H,House Energy & Environment: Adopt amendment L.006 (Attachment B).,2021-04-29,1486834
1077851,13,0,0,0,1,H,House Energy & Environment: Adopt amendment L.008 (Attachment C).,2021-04-29,1486834
1077852,7,5,1,0,1,H,"House Energy & Environment: Refer House Bill 21-1238, as amended, to the Committee of the Whole.",2021-04-29,1486834
1079424,4,3,0,0,1,S,Senate Transportation & Energy: Refer House Bill 21-1238 to the Committee on Appropriations.,2021-05-18,1486834
1085252,4,3,0,0,1,S,Senate Appropriations: Refer House Bill 21-1238 to the Committee of the Whole.,2021-05-26,1486834
1086573,22,13,0,0,1,S,Senate: Third Reading Bill,2021-05-27,1486834
1056423,11,0,0,0,1,H,"House Agriculture, Livestock, & Water: Refer House Bill 21-1260 to the Committee on Appropriations.",2021-04-19,1491963
1064653,11,0,0,0,1,H,House Appropriations: Refer House Bill 21-1260 to the Committee of the Whole.,2021-04-28,1491963
1065878,63,0,2,0,1,H,House: Third Reading Bill,2021-04-29,1491963
1076808,5,0,0,0,1,S,"Senate Agriculture & Natural Resources: Refer House Bill 21-1260, as amended, to the Committee on Appropriations.",2021-05-12,1491963
1091485,5,0,0,0,1,S,"Senate Agriculture & Natural Resources: Refer House Bill 21-1260, as amended, to the Committee on Appropriations.",2021-05-12,1491963
1091486,7,0,0,0,1,S,Senate Appropriations: Refer House Bill 21-1260 to the Committee of the Whole and with a recommendation that it be placed on the consent calendar.,2021-06-03,1491963
1092317,35,0,0,0,1,S,Senate: Third Reading Bill,2021-06-04,1491963
1094976,65,0,0,0,1,H,House: Senate Amendments Concur,2021-06-08,1491963
1094977,65,0,0,0,1,H,House: Senate Amendments Repass,2021-06-08,1491963
392265,13,0,0,0,1,H,"FINAL VOTE - Refer House Bill 15-1166, as amended, to the Committee on Appropriations",2015-02-09,705691
395572,13,0,0,0,1,H,FINAL VOTE - Adopt amendment L.001,2015-02-09,705691
395573,0,0,0,13,0,H,FINAL VOTE - Adopt amendment L.002,2015-02-09,705691
398750,12,1,0,0,1,H,"FINAL VOTE - Refer House Bill 15-1166, as amended, to the Committee of the Whole",2015-02-20,705691
398751,0,0,0,13,0,H,FINAL VOTE - Adopt amendment J.001 The motion passed without objection.,2015-02-20,705691
418392,7,0,2,0,1,S,FINAL VOTE - Refer House Bill 15-1166 to the Committee on Appropriations,2015-03-26,705691
427199,7,0,2,0,1,S,FINAL VOTE - Refer House Bill 15-1166 to the Committee on Appropriations,2015-03-26,705691
434525,7,0,0,0,1,S,FINAL VOTE - Refer House Bill 15-1166 to the Committee of the Whole and place on the consent calendar,2015-04-17,705691
493412,5,0,0,0,1,S,FINAL VOTE - Refer Senate Bill 16-003 to the Committee on Appropriations,2016-02-08,814654
523165,5,0,0,0,1,S,FINAL VOTE - Refer Senate Bill 16-003 to the Committee on Appropriations,2016-02-08,814654
541011,6,1,0,0,1,S,"FINAL VOTE - Refer Senate Bill 16-003, as amended, to the Committee of the Whole",2016-05-03,814654
541012,0,0,0,7,0,S,"FINAL VOTE - This is a conceptual amendment to L.002. Strike lines 1-3, 5 and 6",2016-05-03,814654
541013,0,0,0,7,0,S,FINAL VOTE - Adopt amendment L.002 The motion passed without objection.,2016-05-03,814654
543844,13,0,0,0,1,H,FINAL VOTE - Refer Senate Bill 16-003 to the Committee of the Whole,2016-05-09,814654
543845,13,0,0,0,1,H,FINAL VOTE - Refer Senate Bill 16-003 to the Committee on Appropriations,2016-05-09,814654
544250,34,1,0,0,1,S,Senate: Third Reading,2016-05-04,814654
551718,13,0,0,0,1,H,FINAL VOTE - Refer Senate Bill 16-003 to the Committee on Appropriations,2016-05-09,814654
558536,6,1,0,0,1,S,"FINAL VOTE - Refer Senate Bill 16-003, as amended, to the Committee of the Whole",2016-05-03,814654
558537,0,0,0,7,0,S,"FINAL VOTE - This is a conceptual amendment to L.002. Strike lines 1-3, 5 and 6",2016-05-03,814654
558538,0,0,0,7,0,S,FINAL VOTE - Adopt amendment L.002 The motion passed without objection.,2016-05-03,814654
558539,13,0,0,0,1,H,FINAL VOTE - Refer Senate Bill 16-003 to the Committee of the Whole,2016-05-09,814654
929374,3,1,1,0,1,S,"Senate Transportation & Energy: Refer Senate Bill 20-159, as amended, to the Committee on Appropriations.",2020-02-20,1329132
945810,3,1,1,0,1,S,"Senate Transportation & Energy: Refer Senate Bill 20-159, as amended, to the Committee on Appropriations.",2020-02-20,1329132
945811,0,0,1,4,0,S,Senate Transportation & Energy: Adopt amendment L.002 (Attachment B).,2020-02-20,1329132
951835,6,4,0,0,1,S,"Senate Appropriations: Refer Senate Bill 20-159, as amended, to the Committee of the Whole.",2020-03-13,1329132
952401,6,4,0,0,1,S,"Senate Appropriations: Refer Senate Bill 20-159, as amended, to the Committee of the Whole.",2020-03-13,1329132
965466,4,2,0,0,1,J,"Capital Development Committee: Pursuant to Senate Rule 42, favorably recommend Senate Bill 20-159 to the Senate Transportation and Energy Committee.",2020-02-18,1329132
331043,4,3,0,0,1,S,"FINAL VOTE - Refer Senate Bill 14-124, as amended, to the Committee on Appropriations",2014-02-27,606082
331625,0,0,0,7,0,S,FINAL VOTE - Adopt amendment L.002 (Attachment I),2014-02-27,606082
343547,0,0,0,7,0,S,FINAL VOTE - Adopt amendment L.002 (Attachment I),2014-02-27,606082
343548,4,3,0,0,1,S,"FINAL VOTE - Refer Senate Bill 14-124, as amended, to the Committee on Appropriations",2014-02-27,606082
355282,4,3,0,0,1,S,"FINAL VOTE - Refer Senate Bill 14-124, as amended, to the Committee of the Whole",2014-04-11,606082
355283,0,0,0,7,0,S,FINAL VOTE - Adopt amendment J.001 The motion passed without objection.,2014-04-11,606082
359928,7,5,1,0,1,H,FINAL VOTE - Refer Senate Bill 14-124 to the Committee on Appropriations,2014-04-28,606082
362057,8,5,0,0,1,H,FINAL VOTE - Refer Senate Bill 14-124 to the Committee of the Whole,2014-05-02,606082
783494,4,1,0,0,1,S,"Senate Health & Human Services: Refer Senate Bill 19-010, as amended, to the Committee on Appropriations.",2019-01-17,1137765
785537,0,0,0,5,0,S,Senate Health & Human Services: This is a conceptual amendment. Insert a definition of &quot;Adverse childhood experiences&quot;.,2019-01-17,1137765
785538,4,1,0,0,1,S,"Senate Health & Human Services: Refer Senate Bill 19-010, as amended, to the Committee on Appropriations.",2019-01-17,1137765
785539,2,3,0,0,0,S,"Senate Health & Human Services: This is a conceptual amendment. Page 2, line 16 strike &quot;INCLUDING&quot;, strike lines 17 and 18.",2019-01-17,1137765
785540,0,0,0,5,0,S,"Senate Health & Human Services: This is a conceptual amendment. Page 5, strike line 4 through 6, and substitute &quot;(e) The extent to which the education provider has seen increased incidence of disciplinary actions for drug use or selling drugs, in sui",2019-01-17,1137765
785541,3,2,0,0,1,S,Senate Health & Human Services: Adopt amendment L.001 (Attachment E).,2019-01-17,1137765
785542,4,1,0,0,1,S,"Senate Health & Human Services: This is a conceptual amendment. Page 2, strike line 14 and substitute &quot;state-certified school nurse, school psychologist, school social worker, school counselor, or&quot;.",2019-01-17,1137765
824040,7,3,0,0,1,S,"Senate Appropriations: Refer Senate Bill 19-010, as amended, to the Committee of the Whole.",2019-03-19,1137765
824041,0,0,0,10,0,S,Senate Appropriations: Adopt amendment J.001,2019-03-19,1137765
827159,22,8,0,5,1,S,Senate: Third Reading Bill,2019-03-22,1137765
842821,13,0,0,0,1,H,House Education: Refer Senate Bill 19-010 to the Committee on Appropriations.,2019-04-11,1137765
853256,7,4,0,0,1,H,House Appropriations: Refer Senate Bill 19-010 to the Committee of the Whole.,2019-04-26,1137765
854357,46,19,0,0,1,H,House: Third Reading Bill,2019-04-29,1137765
433360,9,0,0,0,1,S,FINAL VOTE - Refer Senate Bill 15-253 to the Committee on Appropriations,2015-04-16,763988
438776,7,0,0,0,1,S,FINAL VOTE - Refer Senate Bill 15-253 to the Committee of the Whole. Consent calendar,2015-04-24,763988
440934,12,0,1,0,1,H,FINAL VOTE - Refer Senate Bill 15-253 to the Committee on Appropriations,2015-04-29,763988
442554,9,0,0,0,1,S,FINAL VOTE - Refer Senate Bill 15-253 to the Committee on Appropriations,2015-04-16,763988
443512,12,1,0,0,1,H,FINAL VOTE - Refer Senate Bill 253 to the Committee of the Whole,2015-05-01,763988
147141,6,1,0,0,1,S,"FINAL VOTE - Refer Senate Bill 12-005, as amended, to the Committee on Appropriations",2012-01-30,356977
149611,3,4,0,0,0,S,FINAL VOTE - Adopt prepared Amendment L.003 (Attachment D),2012-01-30,356977
149612,0,0,0,7,0,S,FINAL VOTE - Adopt prepared Amendment L.001 (Attachment B),2012-01-30,356977
149613,0,0,0,7,0,S,FINAL VOTE - Adopt prepared Amendment L.002 (Attachment C),2012-01-30,356977
162330,3,4,0,0,0,S,FINAL VOTE - Adopt prepared Amendment L.003 (Attachment D),2012-01-30,356977
162331,0,0,0,7,0,S,FINAL VOTE - Adopt prepared Amendment L.001 (Attachment B),2012-01-30,356977
162332,0,0,0,7,0,S,FINAL VOTE - Adopt prepared Amendment L.002 (Attachment C),2012-01-30,356977
162333,6,1,0,0,1,S,"FINAL VOTE - Refer Senate Bill 12-005, as amended, to the Committee on Appropriations",2012-01-30,356977
181588,6,3,0,0,1,S,FINAL VOTE - cow as amended,2012-04-03,356977
181589,0,0,0,9,0,S,FINAL VOTE - L.004,2012-04-03,356977
193098,8,5,0,0,1,H,FINAL VOTE - COW,2012-05-04,356977
208389,6,3,0,0,1,S,FINAL VOTE - cow as amended,2012-04-03,356977
208390,0,0,0,9,0,S,FINAL VOTE - L.004,2012-04-03,356977
208391,8,5,0,0,1,H,FINAL VOTE - COW,2012-05-04,356977
840815,7,3,1,0,1,H,"House Business Affairs & Labor: Refer House Bill 19-1314, as amended, to the Committee on Appropriations.",2019-04-10,1249840
842691,7,3,1,0,1,H,"House Business Affairs & Labor: Refer House Bill 19-1314, as amended, to the Committee on Appropriations.",2019-04-10,1249840
844696,7,4,0,0,1,H,"House Appropriations: Refer House Bill 19-1314, as amended, to the Committee on Legislative Council.",2019-04-16,1249840
844697,0,0,0,11,0,H,House Appropriations: Adopt amendment J.001,2019-04-16,1249840
847155,11,7,0,0,1,J,Legislative Council: Refer House Bill 19-1314 to the Committee of the Whole.,2019-04-18,1249840
849118,23,41,1,0,0,H,House: Committee of the Whole Amd (l.012),2019-04-22,1249840
849683,40,24,1,0,1,H,House: Third Reading Bill,2019-04-23,1249840
852791,2,1,2,0,1,S,"Senate State, Veterans, & Military Affairs: Refer House Bill 19-1314, as amended, to the Committee on Appropriations.",2019-04-25,1249840
853687,0,0,0,10,0,S,Senate Appropriations: Adopt amendment J.003,2019-04-26,1249840
853688,6,4,0,0,1,S,"Senate Appropriations: Refer House Bill 19-1314, as amended, to the Committee of the Whole.",2019-04-26,1249840
855018,16,19,0,0,0,S,Senate: Committee of the Whole Cow * (.005),2019-04-30,1249840
855019,16,19,0,0,0,S,Senate: Committee of the Whole Cow * (.006),2019-04-30,1249840
855020,16,19,0,0,0,S,Senate: Committee of the Whole Cow * (.001),2019-04-30,1249840
855021,16,19,0,0,0,S,Senate: Committee of the Whole Cow * (.007),2019-04-30,1249840
855022,16,19,0,0,0,S,Senate: Committee of the Whole Cow * (.008),2019-04-30,1249840
855023,16,19,0,0,0,S,Senate: Committee of the Whole Cow * (.003),2019-04-30,1249840
855024,16,19,0,0,0,S,Senate: Committee of the Whole Cow * (.004),2019-04-30,1249840
855025,16,19,0,0,0,S,Senate: Committee of the Whole Cow * (.002),2019-04-30,1249840
857742,20,15,0,0,1,S,Senate: Third Reading Bill,2019-05-02,1249840
857743,24,11,0,0,1,S,Senate: Third Reading Amend (l.018),2019-05-02,1249840
858294,20,15,0,0,1,S,Senate: Third Reading Bill,2019-05-02,1249840
858295,19,16,0,0,1,S,Senate: Third Reading Bill,2019-05-02,1249840
858884,2,1,2,0,1,S,"Senate State, Veterans, & Military Affairs: Refer House Bill 19-1314, as amended, to the Committee on Appropriations.",2019-04-25,1249840
858885,0,0,0,5,0,S,"Senate State, Veterans, & Military Affairs: Adopt amendment L.015 (Attachment N).",2019-04-25,1249840
858886,40,24,1,0,1,H,House: Senate Amendments Repass,2019-05-03,1249840
858887,38,26,1,0,1,H,House: Senate Amendments Concur,2019-05-03,1249840
1034139,10,1,0,0,1,H,"House Agriculture, Livestock, & Water: Refer House Bill 21-1181, as amended, to the Committee on Appropriations.",2021-03-22,1474127
1044394,0,0,0,11,0,H,House Appropriations: Adopt amendment J.001,2021-04-05,1474127
1044395,9,2,0,0,1,H,"House Appropriations: Refer House Bill 21-1181, as amended, to the Committee of the Whole.",2021-04-05,1474127
1048679,43,20,2,0,1,H,House: Third Reading Bill,2021-04-08,1474127
1061455,11,0,0,0,1,H,"House Agriculture, Livestock, & Water: Adopt amendment L.003 (Attachment B).",2021-03-22,1474127
1061456,11,0,0,0,1,H,"House Agriculture, Livestock, & Water: Adopt amendment L.007 (Attachment C).",2021-03-22,1474127
1061457,10,1,0,0,1,H,"House Agriculture, Livestock, & Water: Refer House Bill 21-1181, as amended, to the Committee on Appropriations.",2021-03-22,1474127
1077450,5,0,0,0,1,S,"Senate Agriculture & Natural Resources: Refer House Bill 21-1181, as amended, to the Committee on Appropriations.",2021-05-13,1474127
1082604,5,2,0,0,1,S,Senate Appropriations: Refer House Bill 21-1181 to the Committee of the Whole.,2021-05-21,1474127
1083230,29,6,0,0,1,S,Senate: Third Reading Bill,2021-05-24,1474127
1091733,5,0,0,0,1,S,Senate Agriculture & Natural Resources: Adopt amendment L.009,2021-04-29,1474127
1091734,5,0,0,0,1,S,Senate Agriculture & Natural Resources: Adopt amendment L.010,2021-04-29,1474127
1091735,5,0,0,0,1,S,Senate Agriculture & Natural Resources: Adopt amendment L.012,2021-05-13,1474127
1091736,5,0,0,0,1,S,"Senate Agriculture & Natural Resources: Refer House Bill 21-1181, as amended, to the Committee on Appropriations.",2021-05-13,1474127
1094006,48,16,1,0,1,H,House: Senate Amendments Concur,2021-06-07,1474127
1094007,48,16,1,0,1,H,House: Senate Amendments Repass,2021-06-07,1474127
1156518,11,0,0,0,1,H,"House Agriculture, Livestock, & Water: Refer House Bill 22-1151, as amended, to the Committee on Appropriations.",2022-02-28,1583562
1162699,11,0,0,0,1,H,"House Agriculture, Livestock, & Water: Adopt amendment L.002",2022-02-28,1583562
1162700,11,0,0,0,1,H,"House Agriculture, Livestock, & Water: Refer House Bill 22-1151, as amended, to the Committee on Appropriations.",2022-02-28,1583562
1198566,11,0,0,0,1,H,House Appropriations: Adopt amendment J.002,2022-05-03,1583562
1198567,11,0,0,0,1,H,House Appropriations: Adopt amendment L.004,2022-05-03,1583562
1198568,11,0,0,0,1,H,House Appropriations: Adopt amendment L.005,2022-05-03,1583562
1198569,11,0,0,0,1,H,House Appropriations: Adopt amendment L.006,2022-05-03,1583562
1198570,9,2,0,0,1,H,"House Appropriations: Refer House Bill 22-1151, as amended, to the Committee of the Whole.",2022-05-03,1583562
1199676,52,10,3,0,1,H,House: Third Reading Bill,2022-05-04,1583562
1200715,6,1,0,0,1,S,"Senate Appropriations: Refer House Bill 22-1151, as amended, to the Committee of the Whole.",2022-05-06,1583562
1200884,6,1,0,0,1,S,"Senate Appropriations: Refer House Bill 22-1151, as amended, to the Committee of the Whole.",2022-05-06,1583562
1201642,30,5,0,0,1,S,Senate: Third Reading Bill,2022-05-09,1583562
1202867,53,12,0,0,1,H,House: Senate Amendments Concur,2022-05-10,1583562
1202868,55,10,0,0,1,H,House: Senate Amendments Repass,2022-05-10,1583562
434887,6,5,0,0,1,H,FINAL VOTE - Refer House Bill 15-1330 to the Committee on Legislative Council,2015-04-20,765619
439112,6,5,0,0,1,H,FINAL VOTE - Refer House Bill 15-1330 to the Committee on Legislative Council,2015-04-20,765619
443513,10,8,0,0,1,H,FINAL VOTE - Postpone House Bill 15-1330 indefinitely,2015-04-24,765619
918635,7,4,0,0,1,H,"House Energy & Environment: Refer House Bill 20-1064, as amended, to the Committee on Appropriations.",2020-02-10,1299590
923514,7,4,0,0,1,H,"House Energy & Environment: Refer House Bill 20-1064, as amended, to the Committee on Appropriations.",2020-02-10,1299590
913242,7,2,2,0,1,H,"House Energy & Environment: Refer House Bill 20-1047, as amended, to the Committee on Appropriations.",2020-02-03,1299651
915330,7,2,2,0,1,H,"House Energy & Environment: Refer House Bill 20-1047, as amended, to the Committee on Appropriations.",2020-02-03,1299651
930645,7,4,0,0,1,H,"House Appropriations: Refer House Bill 20-1047, as amended, to the Committee of the Whole.",2020-02-21,1299651
930646,7,4,0,0,1,H,House Appropriations: Adopt amendment J.001,2020-02-21,1299651
938639,39,24,2,0,1,H,House: Third Reading Bill,2020-02-28,1299651
938640,29,34,2,0,0,H,House: Third Reading Perm,2020-02-28,1299651
950782,3,1,1,0,1,S,Senate Agriculture & Natural Resources: Refer House Bill 20-1047 to the Committee on Appropriations.,2020-03-12,1299651
966036,10,0,0,0,1,S,Senate Appropriations: Postpone House Bill 20-1047 indefinitely.,2020-06-13,1299651
1085866,4,3,0,0,1,S,"Senate Transportation & Energy: Refer Senate Bill 21-264, as amended, to the Committee on Appropriations.",2021-05-26,1506663
1088962,4,3,0,0,1,S,Senate Appropriations: Refer Senate Bill 21-264 to the Committee of the Whole.,2021-06-01,1506663
1091629,34,0,1,0,1,S,Senate: Third Reading Amend (l.011),2021-06-03,1506663
1091630,21,13,1,0,1,S,Senate: Third Reading Bill,2021-06-03,1506663
1093127,7,4,0,0,1,H,House Appropriations: Adopt amendment J.002,2021-06-07,1506663
1093128,7,4,0,0,1,H,"House Appropriations: Refer Senate Bill 21-264, as amended, to the Committee of the Whole.",2021-06-07,1506663
1093129,8,5,0,0,1,H,"House Energy & Environment: Refer Senate Bill 21-264, as amended, to the Committee on Appropriations.",2021-06-07,1506663
1093130,24,40,1,0,0,H,House: Committee of the Whole Amd (l.015),2021-06-07,1506663
1093131,24,40,1,0,0,H,House: Committee of the Whole Amd (l.016),2021-06-07,1506663
1093705,7,0,0,0,1,S,Senate Transportation & Energy: Adopt amendment L.004 (Attachment C),2021-05-26,1506663
1093706,4,3,0,0,1,S,"Senate Transportation & Energy: Refer Senate Bill 21-264, as amended, to the Committee on Appropriations.",2021-05-26,1506663
1094504,41,24,0,0,1,H,House: Third Reading Bill,2021-06-08,1506663
1094505,21,13,1,0,1,S,Senate: House Amendments Concur,2021-06-08,1506663
1094506,21,13,1,0,1,S,Senate: House Amendments Repass,2021-06-08,1506663
1099405,5,8,0,0,0,H,House Energy & Environment: Adopt amendment L.013 (Attachment B).,2021-06-07,1506663
1099406,8,5,0,0,1,H,"House Energy & Environment: Refer Senate Bill 21-264, as amended, to the Committee on Appropriations.",2021-06-07,1506663
1034921,8,0,3,0,1,H,"House Transportation & Local Government: Refer House Bill 21-1019, as amended, to the Committee of the Whole.",2021-03-23,1453005
1039072,63,0,2,0,1,H,House: Third Reading Bill,2021-03-29,1453005
1050370,7,0,0,0,1,S,"Senate Business, Labor, & Technology: Refer House Bill 21-1019 to the Committee of the Whole and with a recommendation that it be placed on the consent calendar.",2021-04-12,1453005
1052312,11,0,0,0,1,H,House Transportation & Local Government: Adopt amendment L.003 (Attachment F).,2021-03-23,1453005
1052313,8,0,3,0,1,H,"House Transportation & Local Government: Refer House Bill 21-1019, as amended, to the Committee of the Whole.",2021-03-23,1453005
1055186,33,0,2,0,1,S,Senate: Third Reading Bill,2021-04-16,1453005
742159,11,2,0,0,1,H,"House Education: Refer House Bill 18-1197, as amended, to the Committee on Appropriations.",2018-04-23,1081397
743595,8,5,0,0,1,H,"House Appropriations: Refer House Bill 18-1197, as amended, to the Committee of the Whole.",2018-04-25,1081397
743596,0,0,0,13,0,H,House Appropriations: Adopt amendment J.001,2018-04-25,1081397
743597,8,5,0,0,1,H,"House Appropriations: Refer House Bill 18-1197, as amended, to the Committee of the Whole.",2018-04-25,1081397
745249,41,23,1,0,1,H,House: Third Reading Bill,2018-04-27,1081397
745605,0,0,1,12,0,H,House Education: Adopt amendment L.001,2018-04-23,1081397
745606,11,2,0,0,1,H,"House Education: Refer House Bill 18-1197, as amended, to the Committee on Appropriations.",2018-04-23,1081397
747936,3,2,0,0,1,S,"Senate State, Veterans, & Military Affairs: Postpone House Bill 18-1197 indefinitely.",2018-05-02,1081397
760405,2,3,0,0,0,S,"Senate State, Veterans, & Military Affairs: Refer House Bill 18-1197 to the Committee on Appropriations.",2018-05-02,1081397
234975,5,0,0,0,1,S,FINAL VOTE - Moved to refer Senate Bill 13-181 to the Committee on Appropriations as amended,2013-02-21,501580
234976,0,0,0,5,0,S,FINAL VOTE - Moved Amendment L. 002 (Attachment E),2013-02-21,501580
245027,6,0,1,0,1,S,FINAL VOTE - COW The motion passed on a vote of 6-0.,2013-03-08,501580
250050,13,0,0,0,1,H,"FINAL VOTE - Refer Senate Bill 13-181, as amended, to the Committee on Appropriations",2013-03-18,501580
254182,8,5,0,0,1,H,FINAL VOTE - Adopt amendment L.004 (Attachment E),2013-03-18,501580
258706,10,0,3,0,1,H,FINAL VOTE - Refer Senate Bill 13-181 to the Committee of the Whole,2013-04-04,501580
292748,5,0,0,0,1,S,"FINAL VOTE - Moved to refer Senate Bill 13-181 to the Committee on Appropriations, as amended",2013-02-21,501580
292749,0,0,0,5,0,S,FINAL VOTE - Moved Amendment L. 002 (Attachment E),2013-02-21,501580
292750,6,0,1,0,1,S,FINAL VOTE - COW The motion passed on a vote of 6-0.,2013-03-08,501580
292751,13,0,0,0,1,H,"FINAL VOTE - Refer Senate Bill 13-181, as amended, to the Committee on Appropriations",2013-03-18,501580
292752,8,5,0,0,1,H,FINAL VOTE - Adopt amendment L.004 (Attachment E),2013-03-18,501580
292753,10,0,3,0,1,H,FINAL VOTE - Refer Senate Bill 13-181 to the Committee of the Whole,2013-04-04,501580
820851,3,2,0,0,1,S,"Senate Business, Labor, & Technology: Refer Senate Bill 19-188, as amended, to the Committee on Finance.",2019-03-13,1234353
822870,0,0,0,5,0,S,"Senate Business, Labor, & Technology: Adopt amendment L.008 (Attachment K)",2019-03-13,1234353
822871,0,0,0,5,0,S,"Senate Business, Labor, & Technology: Adopt amendment L.010 (Attachment L)",2019-03-13,1234353
822872,3,2,0,0,1,S,"Senate Business, Labor, & Technology: Refer Senate Bill 19-188, as amended, to the Committee on Finance.",2019-03-13,1234353
822873,0,0,0,5,0,S,"Senate Business, Labor, & Technology: Adopt amendment L.007 (Attachment J)",2019-03-13,1234353
822874,0,0,0,5,0,S,"Senate Business, Labor, & Technology: Adopt amendment L.006 (Attachment I)",2019-03-13,1234353
822875,0,0,0,5,0,S,"Senate Business, Labor, & Technology: Adopt amendment L.002 (Attachment F)",2019-03-13,1234353
822876,3,2,0,0,1,S,"Senate Business, Labor, & Technology: Adopt amendment L.003",2019-03-13,1234353
822877,0,0,0,5,0,S,"Senate Business, Labor, & Technology: Adopt amendment L.005 (Attachment H)",2019-03-13,1234353
839699,4,3,0,0,1,S,"Senate Finance: Refer Senate Bill 19-188, as amended, to the Committee on Appropriations.",2019-04-09,1234353
844309,3,4,0,0,0,S,Senate Finance: Adopt amendment L.065 (Attachment R),2019-04-09,1234353
844310,3,4,0,0,0,S,Senate Finance: Adopt amendment L.067 (Attachment S),2019-04-09,1234353
844311,4,3,0,0,1,S,"Senate Finance: Refer Senate Bill 19-188, as amended, to the Committee on Appropriations.",2019-04-09,1234353
844312,3,4,0,0,0,S,Senate Finance: Adopt amendment L.064 (Attachment Q),2019-04-09,1234353
844313,3,4,0,0,0,S,Senate Finance: Adopt amendment L.062 (Attachment O),2019-04-09,1234353
844314,3,4,0,0,0,S,Senate Finance: Adopt amendment L.054 (Attachment G),2019-04-09,1234353
844315,0,0,0,7,0,S,Senate Finance: Adopt amendment L.055 (Attachment H),2019-04-09,1234353
844316,0,0,0,7,0,S,Senate Finance: Adopt amendment L.053 (Attachment F),2019-04-09,1234353
844317,0,0,0,7,0,S,Senate Finance: Adopt amendment L.051 (Attachment E),2019-04-09,1234353
844318,3,4,0,0,0,S,Senate Finance: Adopt amendment L.050 (Attachment D),2019-04-09,1234353
844319,0,0,0,7,0,S,Senate Finance: Adopt amendment L.056 (Attachment I),2019-04-09,1234353
844320,0,0,0,7,0,S,Senate Finance: Adopt amendment L.057 (Attachment J),2019-04-09,1234353
844321,3,4,0,0,0,S,Senate Finance: Adopt amendment L.061 (Attachment N),2019-04-09,1234353
844322,3,4,0,0,0,S,Senate Finance: Adopt amendment L.060 (Attachment M),2019-04-09,1234353
844323,0,0,0,7,0,S,Senate Finance: Adopt amendment L.059 (Attachment L),2019-04-09,1234353
844324,0,0,0,7,0,S,Senate Finance: Adopt amendment L.058 (Attachment K),2019-04-09,1234353
845354,6,4,0,0,1,S,"Senate Appropriations: Refer Senate Bill 19-188, as amended, to the Committee of the Whole.",2019-04-16,1234353
845355,0,0,0,10,0,S,Senate Appropriations: Adopt amendment J.003,2019-04-16,1234353
852133,19,16,0,0,1,S,Senate: Third Reading Bill,2019-04-25,1234353
852134,20,15,0,0,1,S,Senate: Third Reading Bill,2019-04-25,1234353
853839,7,3,1,0,1,H,"House Finance: Refer Senate Bill 19-188, as amended, to the Committee on Appropriations.",2019-04-26,1234353
854107,7,4,0,0,1,H,"House Appropriations: Refer Senate Bill 19-188, as amended, to the Committee of the Whole.",2019-04-29,1234353
854108,0,0,0,11,0,H,House Appropriations: Adopt amendment J.007,2019-04-29,1234353
854672,24,40,1,0,0,H,House: Committee of the Whole Amd (l.134),2019-04-29,1234353
855263,40,24,1,0,1,H,House: Third Reading Bill,2019-04-30,1234353
856566,22,13,0,0,1,S,Senate: House Amendments Repass,2019-05-01,1234353
856567,19,16,0,0,1,S,Senate: House Amendments Repass,2019-05-01,1234353
856568,35,0,0,0,1,S,Senate: House Amendments Concur,2019-05-01,1234353
860629,0,0,1,10,0,H,House Finance: Adopt amendment L.136 (Attachment N),2019-04-26,1234353
860630,3,7,1,0,0,H,House Finance: Adopt amendment L.137 (Attachment R),2019-04-26,1234353
860631,7,3,1,0,1,H,"House Finance: Refer Senate Bill 19-188, as amended, to the Committee on Appropriations.",2019-04-26,1234353
623469,7,6,0,0,1,H,"House Business Affairs and Labor: Refer House Bill 17-1307, as amended, to the Committee on Finance.",2017-04-11,1001238
625438,7,6,0,0,1,H,"House Business Affairs and Labor: Refer House Bill 17-1307, as amended, to the Committee on Finance.",2017-04-11,1001238
627396,7,6,0,0,1,H,"House Finance: Refer House Bill 17-1307, as amended, to the Committee on Appropriations.",2017-04-19,1001238
628882,7,6,0,0,1,H,"House Finance: Refer House Bill 17-1307, as amended, to the Committee on Appropriations.",2017-04-19,1001238
634926,37,27,1,0,1,H,House: Third Reading,2017-04-28,1001238
635433,8,5,0,0,1,H,House Appropriations: Refer House Bill 17-1307 to the Committee of the Whole.,2017-04-25,1001238
638281,3,2,0,0,1,S,"Senate State, Veterans, & Military Affairs: Postpone House Bill 17-1307 indefinitely.",2017-05-03,1001238
648427,3,2,0,0,1,S,"Senate State, Veterans, & Military Affairs: Postpone House Bill 17-1307 indefinitely.",2017-05-03,1001238
1053970,4,2,1,0,1,S,Senate Transportation & Energy: Refer Senate Bill 21-108 to the Committee on Appropriations.,2021-04-15,1456290
1067039,4,3,0,0,1,S,"Senate Appropriations: Refer Senate Bill 21-108, as amended, to the Committee of the Whole.",2021-04-30,1456290
1074392,19,15,1,0,1,S,Senate: Third Reading Bill,2021-05-07,1456290
1082273,8,4,1,0,1,H,"House Energy & Environment: Refer Senate Bill 21-108, as amended, to the Committee on Appropriations.",2021-05-20,1456290
1083220,7,4,0,0,1,H,House Appropriations: Adopt amendment J.002,2021-05-24,1456290
1083221,7,4,0,0,1,H,"House Appropriations: Refer Senate Bill 21-108, as amended, to the Committee of the Whole.",2021-05-24,1456290
1087640,40,22,3,0,1,H,House: Third Reading Bill,2021-05-28,1456290
1089403,8,4,1,0,1,H,"House Energy & Environment: Refer Senate Bill 21-108, as amended, to the Committee on Appropriations.",2021-05-20,1456290
1089404,22,13,0,0,1,S,Senate: House Amendments Concur,2021-06-01,1456290
1089405,21,14,0,0,1,S,Senate: House Amendments Repass,2021-06-01,1456290
1075453,4,3,0,0,1,S,"Senate Finance: Refer Senate Bill 21-260, as amended, to the Committee on Appropriations.",2021-05-10,1506196
1076468,7,0,0,0,1,S,"Senate Appropriations: Refer Senate Bill 21-260, as amended, to the Committee of the Whole.",2021-05-12,1506196
1076548,7,0,0,0,1,S,Senate Appropriations: Adopt amendment J.003,2021-05-12,1506196
1076549,4,3,0,0,1,S,"Senate Appropriations: Refer Senate Bill 21-260, as amended, to the Committee of the Whole.",2021-05-12,1506196
1077241,3,4,0,0,0,S,Senate Finance: Adopt amendment L.002 (Attachment H),2021-05-10,1506196
1077242,7,0,0,0,1,S,Senate Finance: Adopt amendment L.003 (Attachment E),2021-05-10,1506196
1077243,7,0,0,0,1,S,Senate Finance: Adopt amendment L.004 (Attachment F),2021-05-10,1506196
1077244,3,4,0,0,0,S,Senate Finance: Adopt amendment L.005 (Attachment U),2021-05-10,1506196
1077245,3,4,0,0,0,S,Senate Finance: Adopt amendment L.006 (Attachment V),2021-05-10,1506196
1077246,3,4,0,0,0,S,Senate Finance: Adopt amendment L.007 (Attachment I),2021-05-10,1506196
1077247,3,4,0,0,0,S,Senate Finance: Adopt amendment L.009 (Attachment J),2021-05-10,1506196
1077248,3,4,0,0,0,S,Senate Finance: Adopt amendment L.010 (Attachment K),2021-05-10,1506196
1077249,3,4,0,0,0,S,Senate Finance: Adopt amendment L.011 (Attachment L),2021-05-10,1506196
1077250,3,4,0,0,0,S,Senate Finance: Adopt amendment L.013 (Attachment M),2021-05-10,1506196
1077251,3,4,0,0,0,S,Senate Finance: Adopt amendment L.015 (Attachment N),2021-05-10,1506196
1077252,3,4,0,0,0,S,Senate Finance: Adopt amendment L.016 (Attachment O),2021-05-10,1506196
1077253,3,4,0,0,0,S,Senate Finance: Adopt amendment L.017 (Attachment P),2021-05-10,1506196
1077254,3,4,0,0,0,S,Senate Finance: Adopt amendment L.018 (Attachment Q),2021-05-10,1506196
1077255,3,4,0,0,0,S,Senate Finance: Adopt amendment L.019 (Attachment R),2021-05-10,1506196
1077256,3,4,0,0,0,S,Senate Finance: Adopt amendment L.020 (Attachment S),2021-05-10,1506196
1077257,3,4,0,0,0,S,Senate Finance: Adopt amendment L.021 (Attachment T),2021-05-10,1506196
1077258,7,0,0,0,1,S,Senate Finance: Adopt amendment L.022 (Attachment G),2021-05-10,1506196
1077259,4,3,0,0,1,S,"Senate Finance: Refer Senate Bill 21-260, as amended, to the Committee on Appropriations.",2021-05-10,1506196
1078174,14,18,3,0,0,S,Senate: Committee of the Whole Cow * (.001),2021-05-14,1506196
1078175,14,18,3,0,0,S,Senate: Committee of the Whole Cow * (.003),2021-05-14,1506196
1078176,14,18,3,0,0,S,Senate: Committee of the Whole Cow * (.004),2021-05-14,1506196
1078177,14,18,3,0,0,S,Senate: Committee of the Whole Cow * (.005),2021-05-14,1506196
1078178,14,18,3,0,0,S,Senate: Committee of the Whole Cow * (.007),2021-05-14,1506196
1078179,14,18,3,0,0,S,Senate: Committee of the Whole Cow * (.008),2021-05-14,1506196
1078180,14,18,3,0,0,S,Senate: Committee of the Whole Cow * (.009),2021-05-14,1506196
1078377,35,0,0,0,1,S,Senate: Third Reading Amend (l.088),2021-05-17,1506196
1078378,20,15,0,0,1,S,Senate: Third Reading Bill,2021-05-17,1506196
1083692,7,4,0,0,1,H,"House Finance: Refer Senate Bill 21-260, as amended, to the Committee on Appropriations.",2021-05-24,1506196
1087260,7,4,0,0,1,H,"House Appropriations: Refer Senate Bill 21-260, as amended, to the Committee of the Whole.",2021-05-28,1506196
1087353,7,4,0,0,1,H,House Appropriations: Adopt amendment J.005,2021-05-28,1506196
1087354,7,4,0,0,1,H,"House Appropriations: Refer Senate Bill 21-260, as amended, to the Committee of the Whole.",2021-05-28,1506196
1087474,21,40,4,0,0,H,House: Committee of the Whole Amd (l.097),2021-05-28,1506196
1087475,21,40,4,0,0,H,House: Committee of the Whole Amd (l.098),2021-05-28,1506196
1087476,21,40,4,0,0,H,House: Committee of the Whole Amd (l.099),2021-05-28,1506196
1087477,21,40,4,0,0,H,House: Committee of the Whole Amd (l.100),2021-05-28,1506196
1087478,23,38,4,0,0,H,House: Committee of the Whole Amd (l.102),2021-05-28,1506196
1087479,21,40,4,0,0,H,House: Committee of the Whole Amd (l.103),2021-05-28,1506196
1087480,22,39,4,0,0,H,House: Committee of the Whole Amd (l.105),2021-05-28,1506196
1087481,21,40,4,0,0,H,House: Committee of the Whole Amd (l.108),2021-05-28,1506196
1087482,21,40,4,0,0,H,House: Committee of the Whole Amd (l.115),2021-05-28,1506196
1087483,22,39,4,0,0,H,House: Committee of the Whole Amd (l.125),2021-05-28,1506196
1089902,40,24,1,0,1,H,House: Third Reading Amd (l.128),2021-06-02,1506196
1089903,40,24,1,0,1,H,House: Third Reading Perm,2021-06-02,1506196
1090102,41,24,0,0,1,H,House: Third Reading Bill,2021-06-02,1506196
1090103,35,0,0,0,1,S,Senate: House Amendments Concur,2021-06-02,1506196
1090104,20,15,0,0,1,S,Senate: House Amendments Repass,2021-06-02,1506196
1090797,11,0,0,0,1,H,House Finance: Adopt amendment L.090,2021-05-24,1506196
1090798,11,0,0,0,1,H,House Finance: Adopt amendment L.091,2021-05-24,1506196
1090799,11,0,0,0,1,H,House Finance: Adopt amendment L.092,2021-05-24,1506196
1090800,11,0,0,0,1,H,House Finance: Adopt amendment L.095,2021-05-24,1506196
1090801,7,4,0,0,1,H,"House Finance: Refer Senate Bill 21-260, as amended, to the Committee on Appropriations.",2021-05-24,1506196
695496,7,6,0,0,1,H,"House Business Affairs and Labor: Refer House Bill 18-1001, as amended, to the Committee on Finance.",2018-02-06,1053077
697309,7,6,0,0,1,H,"House Business Affairs and Labor: Refer House Bill 18-1001, as amended, to the Committee on Finance.",2018-02-06,1053077
697310,0,0,0,13,0,H,House Business Affairs and Labor: Adopt amendment L.001 [Attachment H],2018-02-06,1053077
718052,7,6,0,0,1,H,House Finance: Refer House Bill 18-1001 to the Committee on Appropriations.,2018-03-07,1053077
734675,8,5,0,0,1,H,"House Appropriations: Refer House Bill 18-1001, as amended, to the Committee of the Whole.",2018-04-06,1053077
734676,8,5,0,0,1,H,House Appropriations: Adopt amendment L.004,2018-04-06,1053077
738632,35,29,1,0,1,H,House: Third Reading Bill,2018-04-16,1053077
746008,3,2,0,0,1,S,"Senate State, Veterans, & Military Affairs: Postpone House Bill 18-1001 indefinitely.",2018-04-30,1053077
749797,2,3,0,0,0,S,"Senate State, Veterans, & Military Affairs: Refer House Bill 18-1001 to the Committee on Finance.",2018-04-30,1053077
1191119,7,2,0,0,1,H,"House Education: Refer House Bill 22-1390, as amended, to the Committee on Appropriations.",2022-04-21,1616148
1192576,7,4,0,0,1,H,"House Appropriations: Refer House Bill 22-1390, as amended, to the Committee of the Whole.",2022-04-26,1616148
1192915,11,0,0,0,1,H,House Appropriations: Adopt amendment J.001,2022-04-26,1616148
1192916,7,4,0,0,1,H,"House Appropriations: Refer House Bill 22-1390, as amended, to the Committee of the Whole.",2022-04-26,1616148
1193671,44,20,1,0,1,H,House: Third Reading Bill,2022-04-27,1616148
1195626,7,0,0,0,1,S,"Senate Education: Refer House Bill 22-1390, as amended, to the Committee on Appropriations.",2022-04-28,1616148
1198731,7,0,0,0,1,S,Senate Education: Adopt amendment L.018,2022-04-28,1616148
1198732,7,0,0,0,1,S,Senate Education: Adopt amendment L.019,2022-04-28,1616148
1198733,6,1,0,0,1,S,Senate Education: Adopt amendment L.022,2022-04-28,1616148
1198735,7,0,0,0,1,S,Senate Education: Adopt amendment L.025,2022-04-28,1616148
1198736,7,0,0,0,1,S,"Senate Education: Refer House Bill 22-1390, as amended, to the Committee on Appropriations.",2022-04-28,1616148
1200226,7,0,0,0,1,S,"Senate Appropriations: Refer House Bill 22-1390, as amended, to the Committee of the Whole.",2022-05-05,1616148
1200473,9,0,0,0,1,H,House Education: Adopt amendment L.002 (Attachment F),2022-04-21,1616148
1200474,9,0,0,0,1,H,House Education: Adopt amendment L.004 (Attachment G),2022-04-21,1616148
1200475,6,3,0,0,1,H,House Education: Adopt amendment L.005 (Attachment I),2022-04-21,1616148
1200476,8,1,0,0,1,H,House Education: Adopt amendment L.006 (Attachment E),2022-04-21,1616148
1200477,7,2,0,0,1,H,House Education: Adopt amendment L.007 (Attachment H),2022-04-21,1616148
1200478,7,2,0,0,1,H,"House Education: Refer House Bill 22-1390, as amended, to the Committee on Appropriations.",2022-04-21,1616148
1200479,7,0,0,0,1,S,Senate Appropriations: Adopt amendment J.003,2022-05-05,1616148
1200480,7,0,0,0,1,S,"Senate Appropriations: Refer House Bill 22-1390, as amended, to the Committee of the Whole.",2022-05-05,1616148
1200848,33,0,2,0,1,S,Senate: Third Reading Bill,2022-05-06,1616148
1202905,51,14,0,0,1,H,House: Senate Amendments Not Cncr,2022-05-10,1616148
1203298,35,0,0,0,1,S,Senate: Conference Committee Report Adopt Ccr,2022-05-11,1616148
1203299,35,0,0,0,1,S,Senate: Conference Committee Report Repass,2022-05-11,1616148
1203566,55,10,0,0,1,H,House: Conference Committee Report Adopt,2022-05-11,1616148
1203567,45,20,0,0,1,H,House: Conference Committee Report Repass,2022-05-11,1616148
1204410,6,0,0,0,1,J,CC_HB22-1390_2022A: Move to adopt the draft conference committee report for House Bill 22-1390,2022-05-11,1616148
1183388,3,2,0,0,1,S,"Senate Transportation & Energy: Refer Senate Bill 22-193, as amended, to the Committee on Appropriations.",2022-04-05,1612630
1186925,4,3,0,0,1,S,"Senate Appropriations: Refer Senate Bill 22-193, as amended, to the Committee of the Whole.",2022-04-12,1612630
1187159,7,0,0,0,1,S,Senate Appropriations: Adopt amendment J.001,2022-04-12,1612630
1187160,4,3,0,0,1,S,"Senate Appropriations: Refer Senate Bill 22-193, as amended, to the Committee of the Whole.",2022-04-12,1612630
1187758,5,0,0,0,1,S,Senate Transportation & Energy: Adopt amendment L.003 (Attachment H),2022-04-05,1612630
1187759,3,2,0,0,1,S,"Senate Transportation & Energy: Refer Senate Bill 22-193, as amended, to the Committee on Appropriations.",2022-04-05,1612630
1189094,21,13,1,0,1,S,Senate: Third Reading Bill,2022-04-18,1612630
1191406,8,4,1,0,1,H,"House Energy & Environment: Refer Senate Bill 22-193, as amended, to the Committee on Appropriations.",2022-04-21,1612630
1195293,13,0,0,0,1,H,House Energy & Environment: Adopt amendment L.011,2022-04-21,1612630
1195294,13,0,0,0,1,H,House Energy & Environment: Adopt amendment L.012,2022-04-21,1612630
1195295,8,3,2,0,1,H,House Energy & Environment: Adopt amendment L.013,2022-04-21,1612630
1195296,8,3,2,0,1,H,House Energy & Environment: Adopt amendment L.015,2022-04-21,1612630
1195297,13,0,0,0,1,H,House Energy & Environment: Adopt amendment L.016,2022-04-21,1612630
1195298,13,0,0,0,1,H,House Energy & Environment: Adopt amendment L.017,2022-04-21,1612630
1195299,8,4,1,0,1,H,"House Energy & Environment: Refer Senate Bill 22-193, as amended, to the Committee on Appropriations.",2022-04-21,1612630
1199796,11,0,0,0,1,H,House Appropriations: Adopt amendment J.003,2022-05-04,1612630
1199797,11,0,0,0,1,H,House Appropriations: Adopt amendment L.018,2022-05-04,1612630
1199798,7,4,0,0,1,H,"House Appropriations: Refer Senate Bill 22-193, as amended, to the Committee of the Whole.",2022-05-04,1612630
1201767,41,24,0,0,1,H,House: Third Reading Bill,2022-05-10,1612630
1202718,35,0,0,0,1,S,Senate: House Amendments Concur,2022-05-10,1612630
1202719,21,14,0,0,1,S,Senate: House Amendments Repass,2022-05-10,1612630
358849,11,0,0,0,1,H,"FINAL VOTE - Refer House Bill 14-1387, as amended, to the Committee of the Whole",2014-04-23,645700
359917,11,0,0,0,1,H,"FINAL VOTE - Refer House Bill 14-1387, as amended, to the Committee of the Whole",2014-04-23,645700
360316,0,0,0,11,0,H,FINAL VOTE - Adopt amendment L.001 (Attachment A),2014-04-23,645700
360317,0,0,0,11,0,H,FINAL VOTE - Adopt amendment L.002 (Attachment B),2014-04-23,645700
360882,5,0,0,0,1,S,"FINAL VOTE - Refer House Bill 14-1387, as amended, to the Committee of the Whole, with a recommendation that it be placed on the consent calendar",2014-04-30,645700
361029,0,0,0,5,0,S,FINAL VOTE - Adopt amendment L.006 (Attachment F),2014-04-30,645700
361030,0,0,0,5,0,S,FINAL VOTE - Adopt amendment L.007 (Attachment G),2014-04-30,645700
361031,0,0,0,5,0,S,FINAL VOTE - Adopt amendment L.005 (Attachment E),2014-04-30,645700
361032,2,3,0,0,0,S,FINAL VOTE - Adopt amendment L.009 (Attachment I),2014-04-30,645700
361033,0,0,0,5,0,S,FINAL VOTE - Adopt amendment L.008 (Attachment H),2014-04-30,645700
846796,8,3,0,0,1,H,"House Health & Insurance: Refer House Bill 19-1313, as amended, to the Committee on Appropriations.",2019-04-17,1249843
849242,9,2,0,0,1,H,"House Appropriations: Refer House Bill 19-1313, as amended, to the Committee of the Whole.",2019-04-23,1249843
849243,0,0,0,11,0,H,House Appropriations: Adopt amendment J.002,2019-04-23,1249843
852751,24,39,2,0,0,H,House: Committee of the Whole Amd (l.010),2019-04-25,1249843
853936,40,22,3,0,1,H,House: Third Reading Bill,2019-04-27,1249843
853937,44,18,3,0,1,H,House: Third Reading Amd (l.029),2019-04-27,1249843
853938,41,21,3,0,1,H,House: Third Reading Amd (l.026),2019-04-27,1249843
853939,41,21,3,0,1,H,House: Third Reading Perm,2019-04-27,1249843
853940,41,21,3,0,1,H,House: Third Reading Perm,2019-04-27,1249843
856794,3,2,0,0,1,S,"Senate State, Veterans, & Military Affairs: Refer House Bill 19-1313 to the Committee on Appropriations.",2019-05-01,1249843
857290,6,4,0,0,1,S,"Senate Appropriations: Refer House Bill 19-1313, as amended, to the Committee of the Whole.",2019-05-02,1249843
857788,6,4,0,0,1,S,"Senate Appropriations: Refer House Bill 19-1313, as amended, to the Committee of the Whole.",2019-05-02,1249843
864459,0,0,0,11,0,H,House Health & Insurance: Adopt amendment L.004 (Attachment G).,2019-04-17,1249843
864460,0,0,0,11,0,H,House Health & Insurance: Adopt amendment L.003 (Attachment H).,2019-04-17,1249843
864461,0,0,0,11,0,H,House Health & Insurance: Adopt amendment L.006 (Attachment J).,2019-04-17,1249843
864462,8,3,0,0,1,H,"House Health & Insurance: Refer House Bill 19-1313, as amended, to the Committee on Appropriations.",2019-04-17,1249843
864463,4,7,0,0,0,H,House Health & Insurance: Adopt amendment L.002 (Attachment I).,2019-04-17,1249843
